-0.74957,0.19386,-0.84172,-1.4111,-0.13125,0.05663,0.41506,1.0425,0.089766,0.17684,1.1805,1.1826,-0.39082,0.2648,1.7462,-0.38382,1.7953,-1.8745,-0.95535,1.7952,-0.32398,0,-0.16612,-0.50881,1.2717,0.5665,-0.8198,-0.73833,1.2118,-0.92727,0.29886,0.073128,0.083547,1.1122,0.052617,1.5387,-1.5017,1.297,0.19753,-0.87907,0.67491,2.3452,-0.68348,0.39651,-0.29623,1.8973,0.069833,1.8973,1.8447,1.7573,2.1497,0.89388,0.10109,1.3729,0.43665,0.85613,0.33919,-1.2812,-0.74285,-0.8597,-0.79285,1.9047,0.95278,-1.1299,-0.43221,0.76956,-0.75208,0.57125,-0.68838,0.29515,-0.18106,0.0061806,-0.1883,0.062378,-0.1351,0.34816,1.8238,1.963,-0.4254,-1.0329,2.2471,0.13178,0.21417,-0.76597,-0.18213,-0.53399,0.22102,0.30964
0.050518,-0.85683,-0.54041,-0.68066,0.47647,1.0133,-0.85502,1.1524,-0.70612,-0.70939,1.1475,2.2156,0.28331,1.5058,0.082301,0.88186,0.10913,-0.50783,-0.78818,-0.22469,-0.32398,0,-0.16612,-0.50881,0.35816,1.2776,0.4792,0.20401,-0.79195,1.7049,-1.1301,-0.50086,-1.4123,1.0327,0.46549,0.11338,-0.37359,0.65991,-0.06278,0.39032,0.39396,0.86648,-0.52304,-2.9742,-0.63474,-1.1249,0.43589,-1.1249,-1.1215,-1.2305,-1.2566,-0.7404,-0.14536,-0.31727,0.096797,0.74898,-0.37702,-0.20229,-1.9184,-1.7302,-2.9095,0.61333,0.603,-0.19901,-0.30236,-0.97226,1.1629,-0.37341,-0.45118,-0.56422,-0.22176,-0.72572,1.3183,-1.2235,2.3391,-0.4411,0.35587,0.25982,-0.71375,0.023868,0.97181,0.79436,-0.66073,0.46057,0.057424,1.4243,-1.2019,-1.0388
1.3582,-0.64618,0.54405,-1.7032,-2.2473,-0.51983,-0.95909,-0.02827,-1.0374,-1.3527,0.79045,-1.0773,-0.073824,-0.48606,-0.66731,-0.24516,-0.64526,-0.15558,-0.65856,0.74722,-0.32398,0,-0.16612,-0.50881,-0.891,0.24418,2.1439,2.0931,-1.1965,-0.91499,0.035721,-0.23249,0.1657,1.3797,4.1704,1.6398,-1.269,0.37626,1.2427,-1.8332,-1.9872,-1.3853,-0.51587,0.76542,2.2187,1.7287,0.054295,1.7287,1.6808,2.2722,1.9022,0.71648,0.30272,1.1738,-0.48392,0.47969,-0.48758,-1.2812,0.61813,0.095993,0.74492,-0.84693,-0.72009,-0.19901,0.386,0.054467,0.3144,0.1438,0.59661,0.045223,0.11785,-0.23871,-0.28369,0.351,-0.33041,0.47693,3.1531,3.0489,0.82284,-1.4359,3.3103,1.1299,-0.11394,-1.6942,-1.8617,0.72264,-0.012766,-0.43962
0.30621,-0.84866,0.31755,-0.13284,-0.18185,-0.34938,-1.0168,-1.5023,-0.88059,-0.66664,1.531,-0.55951,-0.31431,0.67142,-0.33818,1.2567,-0.33561,-0.054894,-0.62624,-0.64187,-0.32398,0,-0.16612,-0.50881,-0.045414,0.89136,-0.71927,-0.73023,0.87426,0.55071,-0.68685,-0.35049,-0.75223,0.91791,-0.66841,1.1341,-0.0046124,-0.13548,-0.65159,0.78525,0.87011,2.3972,0.95115,-1.4637,-0.92855,-0.95254,0.52912,-0.95254,-0.95894,-0.93331,-1.16,-0.70281,0.68583,-0.70012,-1.0967,0.86351,-0.55217,0.33715,-0.17774,-0.75265,-0.68315,0.25947,0.46547,-1.1299,-0.43221,1.8705,0.87823,-0.75141,0.77499,-0.48186,-0.10796,-0.5492,0.65351,-0.77354,1.8603,-0.34249,0.23411,0.56529,0.36308,0.15826,1.2344,-0.19743,0.15146,0.76319,0.56135,-0.16139,-0.4316,-0.53076
-0.79184,1.048,-0.90823,-0.68066,-1.539,-0.90477,0.40455,-0.15239,0.4596,0.58866,0.35346,1.5458,0.20169,0.69657,2.1458,-0.2773,2.1188,-1.8751,-0.77201,0.20532,-0.32398,0,-0.16612,-0.50881,1.4512,-0.041342,-0.097257,-0.19635,0.14567,-0.073553,0.17531,0.074005,0.28463,1.6199,1.1957,1.2923,-0.77586,1.0757,1.4053,-0.00090651,-0.052938,0.37222,-0.34153,1.4238,1.1983,0.70467,-0.77053,0.70467,0.72892,1.1948,1.2059,0.45137,-0.091968,-0.34032,-0.05572,0.068939,-0.39112,0.013486,0.73592,0.73528,0.47759,0.79353,0.50995,-1.1299,-0.43221,-0.42673,-1.1794,0.17834,-0.10857,-0.47796,-0.43261,0.066662,0.14925,-0.18911,-0.7819,-0.40332,1.5912,1.6083,-1.032,-1.392,1.8602,0.077539,-0.074222,-0.07447,0.075107,-1.0086,0.94281,0.94183
-0.54954,0.19386,-0.24008,-0.59301,0.32332,-0.25963,0.41506,1.0425,0.29636,0.63693,0.69294,0.57372,0.18367,0.68682,-0.64447,-0.96566,-0.65151,0.45931,-0.56913,-0.18098,-0.32398,0,-0.16612,-0.50881,1.0107,0.39983,-0.35232,-0.48144,0.34389,0.7749,-0.54011,-0.28754,-0.90489,0.58948,-0.052627,-0.49983,-0.18758,1.4905,-0.50865,0.051472,-0.15818,-0.05593,0.86299,0.44812,-0.12931,-1.0008,0.69135,-1.0008,-1.0149,-1.0858,-1.4781,-0.84581,0.67719,-0.4586,0.2703,0.48852,0.46672,0.22926,0.14465,0.37862,-0.45746,0.099321,0.36015,-1.1299,-0.43221,0.10975,0.17303,0.11999,-0.33893,-0.77923,-1.6937,-0.5,1.1064,-1.1786,2.1565,0.56868,0.28437,-0.14142,0.17378,0.093346,1.3769,-0.92608,0.84201,-0.13773,0.12466,0.86378,-0.3249,-0.34186
-0.68488,1.7452,-0.90081,-1.338,-3.2866,-0.66788,1.1448,-1.0593,1.0047,1.1956,0.78086,3.0469,-0.82235,1.3024,0.71395,-1.3356,0.71606,-1.8841,1.3058,1.5595,-0.32398,0,-0.16612,-0.50881,-1.3342,0.56178,-0.19658,-0.44207,0.24975,-1.1559,0.3545,0.51996,0.66554,1.0973,1.8601,0.89392,0.26836,1.4243,0.44677,0.15594,-0.20226,-0.89283,-0.89942,0.53608,0.28572,1.8203,0.51332,1.8203,1.7412,1.4589,1.6715,0.82251,0.071434,1.7256,0.92675,1.2162,-0.054817,-1.389,0.56977,1.7415,-0.0020644,-0.14966,-0.43397,-1.1299,-0.43221,1.3669,-0.42528,0.77251,-1.1632,0.2149,0.06497,0.31108,0.75288,-0.93169,0.03705,0.48379,1.7453,1.3932,0.5144,-0.5533,2.6359,1.9218,-1.7416,0.27566,-0.20511,0.68406,-0.1343,-0.16169
-1.017,-0.36087,-0.67605,-0.13284,0.66864,-0.14725,-0.095765,-0.11776,-0.19946,0.078259,0.85069,0.69887,0.58232,0.18571,-0.894,-0.7778,-0.89578,1.0934,-0.21424,-0.76774,-0.32398,0,-0.16612,-0.50881,-0.52892,0.69993,-0.90217,-0.93486,1.249,0.66551,-1.0077,-0.46847,-0.94059,0.89274,0.32762,-0.086312,-1.6258,0.81167,-1.6077,0.4725,0.49272,0.0069978,0.29304,-1.0239,-1.3475,-0.74954,0.37743,-0.74954,-0.75365,-0.75062,-0.9387,-0.57935,0.59288,-0.24168,-0.58717,0.55342,0.18019,-0.63384,-0.65681,-0.97097,-1.2002,-1.2748,-1.2949,-1.1299,-0.43221,0.9966,0.0010894,0.21399,-0.46837,-0.81513,-1.2686,-0.70531,0.99661,-1.0543,2.2038,0.1618,0.40196,-0.17875,-1.2266,-0.63717,0.82567,-0.85507,0.92801,0.17416,0.096771,0.45968,-0.73071,-0.75503
-0.39634,-0.93614,-0.68643,-1.7032,-0.89632,-0.39417,-0.862,-0.36639,-0.94319,-0.97337,0.93673,1.33,-0.56206,0.17279,0.64713,-0.96397,0.66735,-0.76105,-0.14042,2.2475,-0.32398,0,-0.16612,-0.50881,-0.81641,0.65463,-0.23561,-0.37912,0.19924,-0.8117,0.76149,0.59048,0.75734,1.7629,-0.25123,0.51953,0.58667,1.3039,1.3442,-0.046347,-0.721,-1.1623,-0.040968,1.6468,1.2245,0.82184,0.157,0.82184,0.79102,0.6029,1.1667,0.3714,0.25384,1.0904,-0.22724,0.68497,0.40586,-1.4969,-0.61749,-1.4846,-1.4528,-0.55753,-0.7078,-0.81962,7.1678,1.3155,-0.29651,1.0472,-0.69149,-0.43157,-1.0937,0.63577,0.21742,-0.25465,-0.6591,-0.35086,0.49032,0.10319,0.78272,0.29225,1.0031,0.19461,0.39901,-0.053998,-0.39698,-0.043707,-0.083341,0.017212
-0.025283,0.3178,-0.036513,0.63411,-0.70278,-0.064882,0.29897,0.82237,0.39652,0.51842,0.022474,-0.41933,0.16278,0.70652,-0.26677,-0.93673,-0.23733,-0.51319,4.081,-0.9036,-0.32398,0,-0.16612,-0.50881,0.22364,1.0498,-0.27071,-0.58316,0.27814,1.8511,-1.3308,-0.07608,-1.4094,1.0872,0.61463,-0.15701,-0.90318,1.2133,-1.4287,0.97088,1.3133,0.83325,-1.4523,-0.41556,-0.52126,-0.055703,0.61076,-0.055703,-0.090977,-0.20686,-0.48728,-0.26844,0.37413,-0.31335,-0.28776,0.45764,-0.54599,0.12137,0.10946,0.4539,0.095183,0.15436,0.09381,1.0422,0.47739,1.409,1.3141,-1.0523,0.99454,-1.5577,-1.2038,-0.78621,0.092405,-0.11784,2.473,-0.27722,0.49297,-0.1968,-0.53297,-1.2395,0.62892,-0.5661,0.49484,1.0508,1.5044,1.7271,-0.56891,-0.35872
-0.94506,0.82881,-0.89371,-0.023275,0.0064679,-0.63777,0.95684,0.085752,0.82223,0.99245,0.25636,1.0862,0.67853,-0.57909,0.90627,-0.72601,0.86259,-0.53135,-0.28235,-0.39143,-0.32398,0,-0.16612,-0.50881,-0.54639,0.41301,-0.38459,-0.44615,0.16637,-1.5869,0.78276,0.45416,0.71017,0.97276,0.7283,0.71246,-1.3183,1.3239,1.5204,0.059199,0.25015,0.2896,0.3256,0.044508,-0.16165,0.26736,0.4725,0.26736,0.23187,0.25893,0.29947,-0.10344,-0.33426,0.24421,-0.070318,-0.28282,0.76734,-0.31017,0.7872,0.65431,0.80053,-0.24607,-0.3305,-0.19901,0.63512,0.63631,-1.0232,0.74926,-1.4182,-0.15218,-0.47574,0.40182,0.17655,-0.14386,-0.69708,0.42265,0.84402,0.44236,0.10662,-0.241,0.91815,0.27755,-0.50596,0.067283,-0.14054,-0.28786,-0.56646,-0.99479
-0.60724,0.12508,-0.58431,0.52454,-0.068519,0.17549,0.1818,1.0147,0.069958,0.36908,0.61739,0.43739,0.26977,1.4696,0.45457,-0.36587,0.43118,-0.2605,0.50769,-0.16287,-0.32398,0,-0.16612,-0.50881,0.11527,1.17,-0.44511,-0.56848,0.15565,1.1881,-0.9701,-0.45441,-1.1948,0.79013,-0.19595,-0.09219,-1.3188,0.42888,-0.11114,0.21322,0.40048,0.31143,-0.40851,-0.5906,-0.070056,-0.53659,0.67923,-0.53659,-0.56272,-0.60104,-0.96353,-0.59777,0.53316,-0.34738,0.43316,0.2383,0.17648,0.22926,0.15403,0.15183,-0.34163,1.0411,1.1486,0.11129,0.18907,0.37911,0.6803,-0.014804,-0.51232,-0.3604,-1.2328,-0.58869,0.33104,-0.41149,2.2504,-0.18733,0.24972,-0.21327,-0.95429,-0.51255,0.72505,0.12163,-0.37344,0.4797,-0.040057,-0.75538,-0.52361,-0.53103
-0.98076,1.3454,-0.75741,0.049782,0.16052,-0.049704,1.2858,0.51826,1.1415,1.348,1.5661,0.18952,1.28,-0.75276,2.0901,-0.52829,2.0278,-1.1217,-0.50518,0.067171,-0.32398,0,-0.16612,-0.50881,0.056646,0.29749,-1.2815,-0.97813,1.5076,-1.4923,0.38413,0.41044,0.66113,0.7937,0.22834,1.5031,-0.5416,1.3778,1.9763,-0.50765,-0.19549,-0.29593,0.61622,0.41421,1.03,0.26377,0.46671,0.26377,0.22908,0.027583,0.35025,-0.097735,-1.3392,-0.11347,0.83597,-0.25727,-0.11378,0.22926,0.75923,0.85799,0.80032,0.2052,0.033673,-1.1299,-0.43221,-0.76769,-0.93842,0.55967,-0.85038,-0.52459,-0.50429,0.27221,0.12143,-0.20901,-0.45254,0.52917,1.4485,1.2067,0.52969,-0.43927,0.97956,-0.12918,0.042122,-0.40611,-0.6256,-1.8302,0.34281,0.41195
0.22941,0.14569,0.62345,-0.023275,0.1991,-0.40893,-0.31844,1.8879,-0.19946,-0.14522,0.18211,-0.49023,0.70174,0.96784,0.14542,0.62316,0.16483,0.042042,-0.45252,0.10476,-0.32398,0,-0.16612,-0.50881,2.2709,1.3107,-0.63354,-0.66471,0.47074,0.40407,-1.075,-0.99628,-1.06,0.67851,0.5103,-0.72822,-1.6912,0.73065,-0.14662,0.72026,0.051958,-1.1931,-0.40114,-0.83441,0.49413,-0.42411,0.66686,-0.42411,-0.45261,-0.48833,-0.79958,-0.55817,0.82697,-0.39521,0.13086,0.65733,-0.26797,0.33715,0.021872,-0.1819,-0.33284,0.59164,0.47972,1.6628,-0.0070384,0.17632,1.0729,-0.91283,0.9596,-1.129,-1.2641,-0.98685,-0.57204,0.68025,2.25,-0.55311,0.11839,-0.11684,-0.93625,-0.50517,0.70637,0.34521,-0.32806,0.54575,-0.13349,0.059819,0.046159,0.2084
-0.21608,-0.032143,-0.78155,0.34192,0.18197,-0.43639,0.024841,1.5581,-0.082395,0.14809,0.74999,-0.16587,0.62793,-0.63571,1.7045,-0.79533,1.6858,-1.1814,0.040446,0.28076,-0.32398,0,-0.16612,-0.50881,0.26612,0.23496,0.011515,-0.078731,-0.25278,-1.0691,0.42994,0.20034,0.61324,0.68544,1.5993,1.4608,-0.74853,0.83416,0.23484,-1.495,-1.0465,-0.9306,0.5055,1.5144,2.7402,0.16396,0.51306,0.16396,0.12878,0.21394,0.045913,-0.1499,0.11877,-0.56644,0.27836,-0.6255,-0.19821,1.0924,0.46024,-0.44075,0.51984,0.33887,0.2268,2.0117,0.021808,-1.2258,-0.57012,0.53555,-0.53659,-0.093379,0.24196,0.21612,-0.28826,0.38368,-0.676,0.7993,1.5911,1.8695,1.2148,-0.62047,1.0964,-0.36125,0.30336,-1.0039,-0.73475,0.70483,0.7426,0.78898
-0.5992,0.42622,-0.59556,0.74367,-0.80931,0.34195,-0.28874,-0.065316,-0.38676,-0.14522,0.98684,-0.37582,-0.90092,0.055212,-0.53003,-0.59369,-0.53552,0.84539,0.092838,-1.183,-0.32398,0,-0.16612,-0.50881,0.35816,1.5698,-0.30132,-0.44968,0.21853,1.2359,-0.89567,0.11565,-1.1098,0.34079,0.91139,0.33768,-1.6291,0.95466,-0.10218,0.496,0.26528,0.10336,-0.1972,-1.444,-2.3618,-0.41171,0.59786,-0.41171,-0.43627,-0.40635,-0.72061,-0.3731,-0.62409,-0.66102,1.0625,0.026332,-0.19821,1.0924,-0.29355,-0.90925,-0.33138,-0.0091652,0.089528,-0.19901,0.441,-0.2651,1.0946,-0.19913,-0.024845,-0.89579,1.2868,-0.45036,0.81572,-0.93767,2.1192,-0.31952,0.85299,0.68991,-0.52708,-1.9413,0.62808,-0.26588,0.14647,0.56398,0.4455,-0.39267,-0.60974,-0.616
-0.70951,0.34849,-0.84063,-0.53459,-0.97448,-0.3157,0.26607,1.6494,0.15175,0.24586,0.28035,1.4957,1.2013,0.3383,2.0593,-0.51044,2.0517,-1.0796,-0.60435,-0.62494,-0.32398,0,-0.16612,-0.50881,-0.85936,-0.46026,-0.77215,-0.59022,0.5464,-1.2523,0.65968,0.38069,0.60334,0.80061,0.96119,1.651,-0.73222,2.2414,2.2066,-1.1474,-0.48315,-0.45984,-0.56936,-0.01856,0.54898,1.89,0.31264,1.89,1.8217,2.0801,2.1079,0.62525,-0.57833,0.4883,-0.35087,0.094386,-0.53925,-0.094401,-0.10616,-0.59021,-0.71946,0.043747,-0.2567,-1.1299,-0.43221,1.6911,-0.94454,0.75323,-0.95477,0.50891,0.078439,0.33173,-0.2108,0.32977,-0.5262,0.037547,1.9016,2.6481,0.30793,-1.3113,1.8379,0.50114,-0.64082,-0.80884,-0.83369,-0.61049,-0.43679,-0.62295
0.20247,-0.20434,0.56797,0.30542,-3.4083,-0.87806,-0.39819,0.36189,-0.70268,-0.47208,1.3531,1.1607,0.81562,-0.56807,-0.05469,0.060004,-0.052484,0.47143,-0.057237,-0.41143,-0.32398,0,-0.16612,-0.50881,0.093196,1.3711,0.31966,0.088548,-0.64273,0.14812,-1.21,-0.28142,-0.91606,0.94116,0.30941,1.4628,-2.092,0.46967,-0.77108,0.4342,0.18967,1.1069,0.59626,-0.4595,-0.19059,-0.93447,-2.8879,-0.93447,-0.80526,-0.48695,-0.63714,-0.42243,0.78101,0.44309,-0.5154,1.3522,5.427,-1.1733,-1.1725,-1.0534,-1.5427,0.46535,0.45193,-1.1299,-0.43221,0.957,1.3227,-0.043588,-0.32869,-0.54667,-0.059229,-0.83107,0.38841,-0.63649,2.1272,-0.17484,1.3375,0.87933,-1.2729,-1.2371,0.8176,-0.5442,0.5762,0.80521,0.63741,1.543,-1.9457,-1.8373
0.0022131,-0.13546,0.09039,0.52454,0.5966,-0.062062,-0.44782,-1.2117,-0.54117,-0.52572,0.69294,-0.36045,1.7326,-0.33763,-0.22619,2.1756,-0.22333,0.32296,-0.86331,-1.4058,-0.32398,0,-0.16612,-0.50881,1.4362,0.96602,0.41608,0.31956,-0.80938,-0.86258,1.1888,0.8853,1.1602,0.78945,-0.041795,-0.15159,-0.018607,-0.26808,0.28585,-0.020923,0.13416,0.23165,1.2466,-0.40505,-0.49655,-0.74939,0.42878,-0.74939,-0.75534,-0.88358,-0.71565,-0.52102,0.21107,-0.80118,-0.42188,0.052274,-0.30818,0.87658,0.087692,-0.21633,0.015416,0.17849,0.1226,0.54113,-0.048844,-0.73067,1.283,-0.15608,0.015771,0.46087,-0.12228,0.95648,-0.83497,0.89124,-1.1573,0.58737,0.44679,0.14652,1.8254,-0.27848,0.19807,0.50883,-0.64777,0.073963,0.33392,-0.28777,0.96084,0.96331
0.68037,0.44998,1.21,-1.2066,0.55304,5.7587,-0.72897,-0.91179,-0.81407,-0.58517,-0.17218,-0.61822,0.44125,-0.69931,-0.38071,1.5628,-0.36601,0.38567,0.38437,-0.61018,-0.32398,0,4.9598,-0.50881,1.3297,1.2446,-0.39381,-0.53918,0.36197,-0.68464,1.0681,1.1504,0.92687,0.63496,0.44809,0.65385,-1.0603,-1.2648,-0.40552,0.16386,-0.26301,-0.58569,-0.71098,0.31971,0.71936,-0.06213,0.54729,-0.06213,-0.09292,-0.37762,-0.027494,-0.20142,-1.5676,-0.49426,1.1501,-3.7454,-0.10627,1.416,0.97881,1.4362,0.3271,-1.2586,-1.3679,-0.19901,0.88706,-1.0125,1.6748,-2.2785,2.3865,0.65803,-0.66955,1.0425,-1.3188,1.2383,-0.75167,-0.56014,0.39918,0.36594,-1.6288,-0.87635,0.12205,0.34945,-0.36683,0.0055099,0.24891,-2.4091,0.16762,-0.030064
-0.048363,0.48442,0.44281,0.63411,0.80353,0.24018,0.13893,-0.43684,-0.35134,-0.31433,-0.64799,-0.59471,0.63278,-1.0229,-0.70097,2.5787,-0.675,0.57008,-0.6351,-1.0847,-0.32398,0,-0.16612,-0.50881,0.47793,1.3383,0.26314,0.01212,-0.80938,-0.13211,1.226,1.4892,1.4908,1.6274,-0.56017,0.12512,-0.49846,1.0136,1.8124,-1.1497,-1.5265,-2.0501,-0.95032,1.0937,-0.49191,0.01128,0.42878,0.01128,-0.014224,-0.098936,0.032055,-0.071354,-0.78106,-0.64156,0.11824,0.028115,0.063599,0.98447,0.51264,0.43283,0.34001,-0.32926,-0.40859,0.7319,-0.15693,0.91153,1.3143,-0.35158,0.14302,0.96326,-0.24854,1.5058,-0.37113,0.62233,0.0098763,-0.59156,-0.76991,-0.59918,0.55564,-0.31143,0.046961,0.7264,-1.2017,-1.1659,-1.1849,-1.2753,-0.57357,-0.72159
-0.13301,0.18568,0.164,1.0724,0.74624,-0.50904,-0.32867,-1.1024,-0.10257,-0.037327,0.56673,-0.32062,1.162,-0.54168,1.6632,-0.54904,1.7198,-1.8772,-0.004964,-0.97372,-0.32398,0,-0.16612,-0.50881,0.35816,1.143,-1.0377,-0.8622,1.2134,1.2223,1.1731,1.111,0.49639,0.67002,0.067726,1.1246,-1.1849,-0.39949,0.2652,-0.47191,-0.37804,-1.2558,-1.2692,-0.20202,-0.99796,0.079124,-2.5426,0.079124,0.17345,0.069966,0.73748,0.17336,0.76778,-1.5599,-0.32472,-0.024484,-0.47063,1.7397,0.21116,-0.55783,0.42922,2.0757,1.756,1.0422,-0.3316,0.74558,0.7643,-0.34707,0.21054,0.57069,-0.1422,1.2226,-0.21477,0.31423,-0.53095,-0.04921,-0.54688,-0.19551,-0.20573,-0.69229,-1.0477,0.57886,-0.98498,-0.24311,-0.4296,-1.3792,0.49208,0.5331
0.60227,0.62994,0.85945,0.9628,0.54533,3.2062,0.48317,-0.8296,0.36247,0.68907,0.32556,0.19094,-0.38148,-0.018405,0.69374,0.20168,0.69841,-1.0828,1.5381,-1.7327,-0.32398,0,-0.16612,-0.50881,0.59449,1.0823,0.19633,-0.11843,-0.17491,2.059,1.3508,1.3589,0.28831,0.55205,-0.64431,-0.28607,-0.0016288,-0.59125,1.1411,-1.0752,-1.5017,-1.1036,-0.84602,0.43085,1.2489,0.86663,0.17939,0.86663,0.83402,0.68307,1.2967,0.43489,0.76778,-0.78939,-0.17144,-1.5166,-0.35323,1.6318,0.50955,1.0772,0.47262,0.8428,0.29746,0.4216,0.58165,-0.25316,1.1248,-0.85264,0.28272,-0.17533,0.010659,1.4174,-0.52097,0.59074,-0.26307,-0.52906,-0.71348,-0.32774,0.63762,-0.44499,-0.47907,1.4266,-1.9937,-0.75328,-0.78873,-0.74995,1.1813,1.1052
-0.11494,-0.20434,0.091264,0.086289,-0.022801,0.17557,-0.18217,1.7925,-0.28333,-0.2386,1.6006,0.85107,-3.3429,-0.55168,-0.23815,0.0053095,-0.2802,-0.40461,0.33062,2.226,-0.32398,0,-0.16612,-0.50881,-0.43674,0.7892,0.43644,0.28914,-0.64273,0.048317,1.2448,1.2354,1.3218,0.25988,-0.47249,0.74337,0.38706,-1.0651,1.2304,-1.3237,-1.2723,-1.5322,0.21022,-1.4998,0.25784,0.079921,0.50805,0.079921,0.047515,0.13401,-0.071314,-0.13993,-1.6765,0.76263,1.6103,1.3937,-0.29304,-2.5758,-0.70749,-0.65341,-0.75332,-0.9639,-0.98703,-1.1299,-0.43221,0.087502,1.2055,0.67171,-0.23914,2.3605,-0.31018,1.3046,-0.015961,-0.29808,-0.88952,-0.68571,-0.71167,0.52065,1.4852,0.020196,0.30867,0.18406,-0.48287,-1.2982,-1.7685,0.59853,1.4011,1.3
0.033212,-0.45756,0.36451,0.086289,-0.83007,-0.42237,-0.57821,-0.41471,-0.66773,-0.66664,0.30981,0.30936,0.78369,0.060638,1.1764,1.2016,1.2077,-1.2346,-0.60152,-1.2744,-0.32398,0,-0.16612,-0.50881,0.72763,1.1838,0.11787,-0.1662,-0.082018,0.71382,1.0701,1.4205,1.1979,0.076213,-0.45852,0.56874,-0.1604,-0.21205,1.6861,-1.8078,-1.7839,-1.2457,0.45043,1.0156,0.13479,0.13897,0.27841,0.13897,0.11853,-0.1668,0.32568,-0.039161,0.57664,-0.63103,-1.2499,0.24194,-0.56053,0.66081,-0.24158,-0.89473,-0.216,1.4533,0.96521,-1.1299,-0.43221,1.3879,1.0999,-0.67506,0.455,1.2648,-0.72143,1.5144,-0.36026,0.49225,-0.2749,-0.46104,-0.60998,0.013534,1.7785,-0.96594,-0.575,1.209,-1.2382,-1.4756,-1.442,-0.67778,0.31122,0.5597
0.23448,1.3109,0.56229,0.9628,0.52423,0.48147,0.7257,-0.43684,0.59788,0.74263,0.24596,-0.42964,1.4232,-0.79458,0.27563,1.2199,0.27595,-0.32899,1.1071,-1.2235,-0.32398,0,-0.16612,-0.50881,0.47793,1.1557,-0.75768,-0.77136,0.51981,0.33653,1.1061,1.176,1.4514,1.1757,-0.71654,-0.31409,-0.67699,-1.6669,-0.42854,-1.56,-2.5249,-1.8722,-0.14315,0.073186,-0.41503,0.44008,0.30106,0.44008,0.41049,0.24557,0.58853,0.1914,0.65396,-0.69249,0.69227,-1.468,-0.12587,1.6318,0.48124,0.75385,0.38783,-1.1055,-1.2828,-0.089134,2.1751,0.40288,1.0761,-0.96644,0.996,-0.30622,0.31405,1.3517,0.010812,0.068597,-0.51787,-1.0422,-0.63008,-1.112,-0.99517,-0.73904,-0.83674,0.2601,-0.59096,-1.3949,-1.444,-2.5581,2.3452,2.2227
0.75111,0.54432,0.93928,1.0724,0.48429,-0.096733,-0.41299,-0.033031,-0.31492,-0.059493,-0.062519,-0.76278,1.5825,-0.97777,-0.5274,2.1826,-0.54358,0.39366,0.468,0.028548,-0.32398,0,-0.16612,-0.50881,0.84394,1.0785,0.38426,0.169,-0.3833,-0.60984,1.1699,1.4798,1.6018,-1.1382,-0.85063,0.052665,-0.42825,1.0757,0.95761,-0.025273,-0.65083,1.775,-1.1728,0.083737,0.4967,-0.059245,-2.426,-0.059245,0.030006,0.36161,0.21306,-0.12745,0.7312,-1.4017,-0.025916,0.55534,-0.44624,1.0924,0.57554,0.52211,0.6862,-0.10185,-0.13051,-0.030393,2.2548,-0.85094,1.5618,-0.87232,1.4735,-0.022004,-0.86157,1.4397,0.27944,-0.37037,-0.70523,-1.3835,-1.3982,-0.63638,-2.2067,-0.016946,0.085041,0.47145,-0.8331,-0.10763,1.4714,-1.2365,3.7099,3.6322
0.17022,0.55956,0.39137,-0.13284,0.28327,3.4141,0.93453,-1.3749,0.086268,0.17295,-1.2831,-0.6097,0.73893,-0.58221,-0.65322,0.91287,-0.62901,0.12769,2.3189,-0.26863,-0.32398,0,-0.16612,-0.50881,0.9612,1.2811,-0.48694,-0.76125,0.76312,-0.37959,1.4788,1.6978,1.5025,1.3751,0.22998,-0.038007,-0.95317,0.17099,1.2099,-0.041088,0.81813,1.8732,-1.8,0.15915,1.7049,-1.0925,0.75139,-1.0925,-1.1073,-1.4334,-1.6294,-0.80728,0.48195,-0.22573,0.46463,-1.1665,0.85592,0.013486,0.77274,1.6814,0.71363,-0.36678,-0.52691,-0.19901,-0.26504,-0.42659,1.6601,-0.52101,0.8581,-0.014583,0.065826,1.686,0.22019,0.0027666,-0.64081,-0.11988,-0.19781,0.42305,-0.43812,-0.48283,-0.24654,2.8808,-2.6524,0.26208,1.1974,0.38617,0.63011,0.058091
-0.27397,-0.62582,0.11453,-0.35197,0.11515,-0.057252,-0.54424,0.80974,-0.63476,-0.62993,1.3925,0.12668,0.70254,-0.13784,-0.54386,-0.28238,-0.52728,0.6043,-0.0079426,-0.34849,-0.32398,0,-0.16612,-0.50881,-0.39133,1.18,-0.32581,-0.45861,0.089227,0.78696,1.1268,1.3178,1.15,0.16869,-0.81524,-0.080281,-1.6732,0.49184,0.81215,-0.26732,-0.44551,-0.089617,-1.3667,0.46933,0.12028,-0.49113,0.44248,-0.49113,-0.50435,-0.44517,-0.46285,-0.37465,-1.5538,-0.43927,0.55967,0.13437,-0.56053,0.66081,-0.26369,-0.79056,-0.15507,-1.2093,-1.2901,-1.1299,-0.43221,0.33429,0.92921,0.33309,-0.47601,1.9896,0.47631,1.407,-0.17712,0.32206,-0.27784,-0.30617,-1.2107,-0.8935,-0.57103,-0.65412,-0.014223,1.3679,-1.4338,0.026287,-0.29921,-0.088981,-0.76031,-0.79784
-0.40023,-0.53563,-0.74147,-0.31546,0.46342,0.057625,-0.37477,0.28065,-0.47027,-0.44677,0.29562,-0.29444,-0.16157,-0.52441,-0.38568,-0.31773,-0.40468,0.65478,9.8498e-05,-0.78909,-0.32398,0,-0.16612,-0.50881,-0.28164,1.1086,0.18238,-0.10752,-0.034284,0.31174,1.2153,1.1198,1.1166,1.0573,-0.78117,0.44681,-1.4213,0.26433,0.88744,0.3067,0.18053,-0.31931,0.31653,-1.2514,-1.0801,-0.36951,0.23021,-0.36951,-0.37385,-0.10261,-0.40634,-0.24889,-0.44333,-0.33028,-0.38843,-0.21738,0.44254,0.33715,0.36422,-0.4792,0.33544,-0.99221,-1.0352,-1.1299,-0.43221,0.096546,0.56884,0.237,-0.46042,1.2465,0.026026,1.392,0.03661,0.0099103,-0.71594,-0.78802,-0.77507,-0.42315,-1.0972,-0.92082,-0.38403,0.81063,-0.96112,0.47149,0.11172,-0.039151,0.22741,0.32202
-0.77259,0.60598,-0.84478,1.0724,-0.060351,-0.24421,0.58725,-0.036044,0.62134,0.76875,1.4327,0.27884,-1.8786,-0.46864,-0.24654,-0.76462,-0.22021,0.35629,0.66191,-0.39416,-0.32398,0,-0.16612,-0.50881,-0.039294,0.61326,-0.037008,-0.42012,0.13748,0.66513,1.1084,0.77203,1.2481,0.23447,0.38502,1.3602,-0.3341,0.45907,1.4953,-0.36367,-0.12687,-0.35047,0.14278,-0.25985,0.049184,0.134,0.44485,0.134,0.1032,0.25653,-0.010109,-0.22312,0.70212,-0.38093,0.18986,-0.47168,-0.1486,0.55292,0.80501,0.78926,0.76772,-0.84394,-0.83922,1.3525,0.56255,0.42131,0.050053,0.54129,-1.1932,-0.11182,-0.73562,1.2585,0.488,-0.75038,-0.43406,0.3309,0.20521,0.62106,-0.11565,-0.49347,-0.40843,0.64385,-1.0612,-0.064451,-0.48381,-0.7068,0.17983,0.39051
-0.79833,0.018785,-0.90758,0.19585,0.67046,-0.11904,0.097208,0.4442,-0.012154,0.063351,1.2073,0.79144,-3.5078,-0.47094,-0.45373,0.013872,-0.49662,-0.010433,0.68318,0.64699,-0.32398,0,-0.16612,-0.50881,-0.11449,0.82452,-0.05729,-0.27059,-0.30606,0.053522,1.1042,1.2663,1.4691,0.20019,-1.5711,-0.10649,-0.13422,-0.68142,0.91465,0.36727,0.2437,1.0888,-0.29795,0.13111,-0.21921,-0.7601,0.36189,-0.7601,-0.76251,-0.55627,-0.89523,-0.61654,0.62809,-0.22789,0.36154,1.0324,-0.044668,-0.63384,-0.097379,-0.36141,-0.2062,-1.1878,-1.2095,0.26644,0.1219,1.8304,0.48015,1.2726,-1.1687,0.87262,-0.4069,1.3725,0.42605,-0.47443,-0.89996,-0.56431,-1.3472,-0.90828,1.0129,-0.17175,-1.0217,1.4094,-1.5714,0.55632,0.98887,-1.1453,-0.57038,-0.48263
-0.24214,1.2411,-0.76517,0.74367,0.18526,0.10217,1.2551,0.4442,1.1117,1.3148,0.98684,0.32018,-2.2019,-0.56931,-0.29816,-1.2069,-0.32129,-0.24181,1.0701,-0.12786,-0.32398,0,-0.16612,-0.50881,-0.35081,1.2554,0.046049,-0.34863,-0.043766,0.73634,1.1097,1.1358,1.009,0.47205,-0.84743,0.52477,-0.94393,-0.14964,1.0436,-1.0345,-0.34121,0.67121,1.0159,-0.20334,-0.5314,-1.0272,0.43563,-1.0272,-1.0262,-0.97575,-1.3004,-0.61459,0.058188,-0.23595,0.014076,0.21301,5.0655,0.013486,0.95859,1.7556,0.76381,-0.742,-0.78449,-1.1299,-0.43221,-0.043607,0.60672,0.42058,-0.81247,-0.3436,-1.1571,1.4114,0.11235,-0.20968,-0.61852,-0.31052,-0.55388,0.39484,-0.84749,-0.43683,-0.51803,0.37095,-0.70481,-0.94257,-0.43835,-1.0593,1.1009,1.2042
-0.97078,1.6719,-0.8225,2.168,1.0205,0.26955,1.6219,-0.8983,1.4678,1.8832,-0.27132,-0.074046,0.64665,-0.57582,-0.45687,-0.33828,-0.51305,-0.30679,0.63253,-0.16058,-0.32398,0,-0.16612,-0.50881,0.74678,0.79375,-0.68836,-0.31632,-0.78309,1.6827,1.041,0.7973,0.60525,1.6136,-0.629,0.66266,-0.30391,0.016486,0.68888,-0.37013,0.088854,1.0087,-1.6306,-1.1698,-0.57509,-1.1095,0.35215,-1.1095,-1.1021,-1.3432,-1.2508,-0.55617,0.73782,-1.067,0.096493,-0.40291,-0.32223,1.0924,1.1918,1.7609,1.2406,-0.041855,0.22571,0.60474,0.1827,0.22972,0.11782,0.44437,-1.0388,-0.8151,0.20142,1.2654,0.081156,-0.17294,-1.0098,0.26584,-0.99321,-0.13529,0.39091,-0.44012,-0.73617,-0.053929,-0.35551,-0.16773,0.38991,-1.0926,-0.0035153,0.16172
-0.39031,0.58522,-0.73317,0.9628,0.6725,-0.30169,0.37546,0.11666,0.25792,0.36409,-0.26486,-1.0981,0.75066,-1.0502,-0.27952,-0.60095,-0.31077,0.55521,0.19302,-0.79252,-0.32398,0,-0.16612,2.0237,0.46102,1.2359,0.64574,0.49586,-1.0319,0.7262,0.91939,0.79733,1.0471,0.97669,-0.4438,0.79244,-0.60331,0.91212,1.3217,-0.27864,-0.93424,-0.056854,-0.24063,0.95849,0.92737,-0.38723,-0.40868,-0.38723,-0.33765,-1.1497,-1.0009,1.744,-3.4438,0.17575,-0.065756,-1.338,-0.69427,1.2002,1.3778,1.6928,1.3982,-0.99816,-0.97167,0.11129,-0.12437,1.0291,0.64661,-0.34771,1.1989,0.32299,0.10637,1.2511,-0.23322,0.44287,-0.38875,-1.0153,-0.32387,0.83389,-0.92607,0.10465,-0.068472,0.80146,-1.2575,-0.36687,-0.44705,0.5092,0.32636,0.18993
-0.75847,0.77142,-0.61063,0.41498,-0.10925,0.22376,0.81834,0.7988,0.6878,0.84276,0.40301,0.15896,-0.52896,-0.39622,2.068,-0.77119,2.1248,-1.7457,0.8416,-0.073044,-0.32398,0,-0.16612,-0.50881,0.70792,0.84615,-1.1894,-0.88917,1.09,0.18524,0.98951,0.79201,0.9636,0.25951,0.061025,0.89734,0.10453,-1.8859,-0.081381,-1.1392,-0.64979,0.10986,0.26322,-0.75529,-0.65952,0.0048287,0.3482,0.0048287,-0.016548,0.15619,0.016164,-0.19787,0.4677,0.029462,0.38647,0.17935,-0.36947,-0.31017,0.32198,0.54531,0.42897,0.81682,0.62924,1.0422,0.51208,0.6064,0.016996,0.79,-1.1604,0.78209,-0.47998,1.0502,0.22297,-0.41195,-0.95665,0.49798,0.16028,0.49653,0.65097,-0.40256,-1.4033,0.63359,-0.81387,-0.62666,-0.69816,-0.38483,-0.13665,-0.057414
-0.09898,-1.3152,-0.22665,0.086289,0.46251,0.12862,-1.2361,-0.049397,-1.0934,-1.1407,0.022474,-0.3625,-0.036338,1.1255,0.2339,1.7538,0.24498,-0.91467,-0.90786,-0.6965,-0.32398,0,-0.16612,-0.50881,0.22364,-0.54223,0.089037,-0.17735,-0.61604,1.0483,-1.3188,-1.5897,-1.3804,0.079427,-0.923,-1.9004,0.97575,-1.5013,-1.1464,1.2213,1.124,1.0068,-0.024209,0.30131,-0.82046,-0.91103,0.33872,-0.91103,-0.9081,-0.91232,-0.98023,-0.61224,0.22711,-0.54491,1.0458,0.53188,-0.24944,0.12137,-1.129,-1.5267,-0.93309,0.70645,0.68337,0.36832,-0.26442,-1.3104,0.057945,-0.67138,-0.063315,-0.35327,1.5943,-1.2607,0.65921,-0.72143,0.016768,0.82045,-1.4825,-1.5954,-0.38567,1.7853,-1.0845,0.45469,-0.22227,1.4385,0.89715,0.59552,0.042831,0.025963
0.37689,-1.4037,0.45253,0.086289,0.38492,-0.26511,-1.5898,-0.59183,-1.423,-1.5077,-2.5253,-1.4118,-0.95975,-1.0218,-1.8614,0.9146,-1.8542,2.1253,-1.3159,-1.3429,-0.32398,0,-0.16612,1.9586,-2.0787,-0.93027,0.77486,0.30476,-0.50067,1.054,-1.3822,-1.6702,-1.5731,0.075063,-0.3002,-1.7551,1.1832,-2.1088,-0.55053,0.58045,-0.20524,-0.039016,0.87415,-0.084413,0.011051,-0.32342,0.57811,-0.32342,-0.34995,-0.39454,-0.73387,-0.5183,0.64901,-0.1371,0.67083,-0.14168,0.7009,-0.094401,0.89733,0.68058,1.1532,-1.6158,-1.6723,0.34402,-0.32296,-0.91916,0.15285,-0.69649,0.0087688,-1.0804,2.0661,-1.5117,-0.63706,0.59317,-0.14482,0.70832,-1.0042,-1.0732,0.53998,2.1551,-1.5036,0.49345,-0.1244,0.51691,0.12539,0.48913,0.71463,1.0157
0.070607,-0.66351,0.46651,-0.13284,0.3029,-0.34374,-0.61422,-0.21034,-0.493,-0.47208,-0.3798,0.65878,0.55262,4.4523,0.92503,0.40161,0.92648,-1.6174,-0.43377,0.15648,-0.32398,0,-0.16612,-0.50881,0.093196,0.33828,-0.39688,-0.50428,-0.20231,1.5532,-1.4404,-1.3235,-1.4008,0.21554,-0.85075,-1.2165,0.96543,-1.2401,-1.0609,0.78251,0.7645,-0.31132,-1.4917,-0.24284,0.3419,-0.025583,0.27103,-0.025583,-0.041903,0.029452,0.062068,-0.20121,0.55576,-0.59802,-2.8606,0.47014,-0.55507,0.44503,-0.9533,-0.98647,-0.78667,1.3656,1.1836,1.5122,-0.092341,1.5521,-0.26881,-0.04243,-0.51561,-0.13965,-0.74683,-1.0749,0.60409,-0.61144,-0.069904,0.51532,-0.73942,-0.856,1.1551,0.79256,-1.2063,-0.65427,0.59035,0.66544,1.1015,1.0781,-0.89443,-0.91973
0.37421,-0.80277,0.94988,-0.13284,0.91311,-0.50788,-0.76377,1.0023,-0.63171,-0.62653,0.18211,1.1189,0.44357,2.0989,-0.1245,1.6782,-0.11358,0.13919,-0.64218,-0.65866,-0.32398,0,-0.16612,-0.50881,-0.18834,-0.63416,0.44703,0.37681,-1.0425,0.96332,-1.2718,-1.435,-1.141,-0.42258,-0.45474,-0.89648,0.93881,-1.3216,-0.59915,0.27116,0.53196,-0.60751,1.3457,0.82107,-0.34322,-0.2923,0.58785,-0.2923,-0.3197,-0.4103,-0.56485,-0.38331,0.035336,-0.077187,0.33827,0.68497,0.85592,-0.094401,-1.607,-0.97573,-2.0018,0.26864,0.14328,0.035733,-0.042058,-0.82936,-0.0222,-0.45828,-0.39033,0.47302,-1.0827,-1.176,-0.30716,0.036358,0.24098,0.91957,-0.42227,-0.20341,-2.0469,1.3493,-1.2895,-0.55051,0.48118,-0.16482,-0.57225,0.58837,-0.33499,-0.59098
1.2242,-1.082,0.87518,0.020551,0.72865,-0.2238,-1.0168,-1.2117,-0.45488,-0.66664,-0.98321,-1.4029,0.2178,0.01684,-0.76325,-0.43705,-0.80508,0.11832,-0.3653,-0.14014,3.4096,0,-0.16612,2.0448,-0.5835,-0.55,1.6276,1.8917,-1.6593,1.512,-1.4669,-1.7979,-1.8233,-0.43144,0.54953,-1.1775,1.3096,-0.78666,-0.96624,0.15966,0.0038168,0.37202,-0.96345,1.7219,0.28344,-0.015791,0.2763,-0.015791,-0.032681,0.13417,-0.080754,-0.098415,-0.30218,-0.55431,-0.38372,0.41969,0.33529,0.87658,1.1295,1.2528,1.1496,-1.2128,-1.216,0.98036,-0.16819,-0.3934,0.67872,-1.4234,1.6277,-0.10987,2.3522,-1.6397,-1.0426,1.4526,0.40864,0.23982,-0.56223,-0.48375,0.80824,1.2419,-0.78912,-0.56491,0.46142,0.031169,0.24203,-0.090808,-1.1568,-1.3503
0.70765,-1.0957,1.1344,-1.0459,0.56904,-0.12203,-1.1813,-1.4774,-1.2531,-0.88391,-0.3798,-1.2303,-0.73697,0.0077355,-0.30957,0.95942,-0.30139,0.52967,-0.54888,-0.26579,-0.32398,0,-0.16612,1.976,0.97393,-0.67384,0.73766,0.66353,-1.1749,1.0391,-1.4854,-1.7615,-1.334,-0.19461,0.94169,-0.37684,1.335,-0.019894,-1.0426,-0.33185,-0.64741,-0.64393,-0.70268,0.48879,-0.94827,-0.58601,0.41746,-0.58601,-0.59587,-0.62131,-0.72762,-0.39392,0.78354,-1.2236,-0.36456,-1.9014,-0.48112,1.9555,0.70675,0.49554,0.53621,0.15803,0.18957,1.9615,-0.17122,0.099786,0.65394,-1.8272,1.8586,0.24022,1.9337,-1.5579,-0.7308,0.7307,1.0724,0.21939,0.22501,-0.18536,-1.3759,1.3506,-0.29539,-0.74767,0.7364,-0.59846,-1.0785,1.0097,-1.7346,-1.7407
0.59338,-1.1621,0.69367,0.52454,0.55304,-0.68488,-1.5005,-0.92996,-1.3564,-1.2034,-0.038479,-0.83113,-0.57518,-0.42861,-0.98587,0.51561,-0.96893,1.1874,-1.0363,-0.76486,-0.32398,0,-0.16612,-0.50881,1.0107,-0.76878,1.9511,2.2277,-1.5365,0.43743,-1.4648,-1.742,-1.2872,-0.22373,0.3131,-0.26295,1.1406,-1.6317,-0.1793,0.7263,0.9415,1.0809,-0.4568,-0.013958,-0.43235,-0.40274,0.59891,-0.40274,-0.42799,-0.60322,-0.76883,-0.434,0.70212,-0.6643,-0.99196,-0.47582,-0.55785,0.55292,-0.45677,-0.98817,-0.29712,-0.38985,-0.17973,1.9183,-0.18514,-1.1279,0.22836,-0.63595,0.32452,-0.242,1.7394,-1.5052,-0.36071,0.1165,0.91288,1.1427,-0.13865,-0.49597,-1.8549,1.5309,-1.0438,0.26325,-0.12434,0.61233,0.37467,0.99976,0.88626,0.71256
1.961,-1.4785,1.2976,2.3871,0.30755,-0.68289,2.4371,-0.61182,2.259,-0.8296,-2.2484,-1.3899,-0.34175,-0.36152,-1.4891,1.5258,-1.4802,1.7649,-0.25259,-0.48391,3.0844,0,-0.16612,1.922,0.49696,-0.55624,1.6942,1.738,-1.3286,-0.37933,-1.3427,-1.5695,-1.1701,-0.16495,-0.10306,-0.91864,1.2244,-1.4252,-0.97865,1.1504,1.2022,0.38321,0.42798,-0.13368,0.38481,-0.16033,0.60365,-0.16033,-0.19252,-0.23159,-0.49984,-0.41579,0.54468,-0.3909,0.27623,0.57884,-0.12587,0.33715,1.1294,1.3574,1.112,-1.4576,-1.4848,0.32345,-0.2349,0.32706,0.57034,-0.89296,0.83943,-0.13924,2.5391,-1.5921,-1.0848,1.3876,0.71462,0.60479,-0.53,-0.70274,0.56275,1.325,-1.26,-0.15729,0.12576,0.8096,0.72662,-2.0473,-0.14502,0.0069544
2.7188,-1.0653,2.1492,-1.5572,0.80353,0.2722,-1.0607,-0.8911,-1.136,-0.92736,-2.5438,-1.3019,-0.39263,-0.34835,-1.2814,0.76453,-1.2693,1.3727,0.23846,-0.98715,-0.32398,0,-0.16612,-0.50881,0.50637,-0.75677,0.77771,0.21289,-0.60114,0.31137,-1.4302,-1.6813,-1.2616,-0.35281,0.061743,-0.72085,1.2195,-0.74032,-0.65411,-0.74795,-0.080179,-0.24634,-0.37409,1.6807,-0.41219,-0.060763,0.46302,-0.060763,-0.08719,-0.10967,-0.15843,-0.26919,0.44348,-0.60415,0.090259,-1.2056,-0.29304,0.66081,0.95626,1.4376,0.90611,-0.80424,-0.74974,1.4289,-0.1681,-0.78516,0.87802,-1.9612,1.5663,0.65417,1.9791,-1.6661,-1.1556,1.1131,0.78129,-1.1607,-0.19518,-0.39925,-1.6817,1.5882,-0.77893,-0.56304,0.43495,-0.2783,-0.65345,1.036,-0.40301,-0.66152
0.27242,-1.1327,0.032945,0.78018,1.038,-0.21202,-0.6747,-0.43684,-0.76139,-0.77093,-0.98321,-0.29657,-0.24052,0.68553,-1.5845,1.4089,-1.5904,1.2475,-1.5788,-0.89272,-0.32398,0,-0.16612,1.8766,-0.17719,-1.0552,1.5819,1.7124,-1.4208,0.30335,-1.2255,-1.5932,-1.0589,-1.6218,-0.5795,-1.5618,0.3868,-1.2914,-1.0193,0.97093,0.92601,0.47389,2.1397,-0.59075,-1.4467,-0.18161,0.73506,-0.18161,-0.22086,-0.33326,-0.70012,-0.53958,0.55211,0.83628,1.1145,1.6332,-0.5048,-0.9575,-1.5436,-1.0321,-0.80611,-1.1175,-0.99411,0.75759,-0.27239,-3.2362,-0.2802,-0.47203,-0.37379,-0.68766,-0.91995,-1.5269,-1.1478,0.75582,-0.92028,-0.55494,-0.75953,-0.80563,-0.80157,0.53707,-1.0015,-0.24477,0.34727,0.99021,0.49833,0.36073,-0.24862,0.26318
0.25463,-1.4649,0.29756,2.2411,0.16869,-0.20423,-1.213,-1.3808,-1.2839,-1.0783,-1.2575,-1.3403,-0.67286,-0.85385,-1.497,0.10158,-1.4916,1.2648,-0.99536,-0.79599,-0.32398,0,-0.16612,2.0386,-1.2033,-1.2902,0.20705,-0.16983,-0.16111,0.15434,-1.1624,-1.3815,-0.89279,-0.4206,-0.30624,-1.291,-0.33704,-1.1305,-0.88903,0.018136,-0.097359,-0.61711,0.50306,-1.0153,-0.29823,0.040326,0.069833,0.040326,0.03383,0.46893,0.071081,-0.11684,-0.17387,0.1092,0.80814,0.14643,-0.53186,-0.31017,0.55093,-0.26335,0.9584,-1.3595,-1.2986,-0.10077,-0.40936,-1.526,-0.10521,-0.61381,-0.24426,-1.3688,-1.7306,-1.0957,-0.54917,0.60202,-1.229,-1.464,-0.89455,-0.77002,-0.3798,0.58018,-1.1178,-0.39902,0.38149,-0.066322,0.25867,2.1997,0.9086,1.2961
-0.57764,1.1732,-0.49312,-1.7032,0.0051066,-0.33362,1.2518,-1.5438,1.3507,1.3112,0.30981,0.4999,0.092794,0.4916,0.23689,0.69463,0.23897,-0.37012,-0.77288,-0.62416,-0.32398,0,-0.16612,-0.50881,-1.6361,-0.90462,-0.63827,-0.75324,0.98732,0.34346,-1.2951,-1.2711,-1.082,-1.4401,-0.79887,-1.7388,-0.41394,-1.1337,-1.9315,0.63251,0.25005,0.31008,-0.22064,-0.85813,0.28555,0.16591,0.69161,0.16591,0.11992,-0.15004,-0.31922,-0.16422,0.34632,0.7837,-0.20155,1.4525,0.085255,-1.0654,-1.3769,0.3301,-0.59087,0.62057,0.42657,-0.089134,-0.24079,-0.60474,-0.68989,-1.1306,1.1135,0.083734,0.018093,-1.1039,0.40288,-0.22096,-0.93244,1.2147,-1.2406,-1.3518,-0.65829,-0.53243,-0.96033,-1.2443,1.2376,0.49081,-0.27476,0.59201,0.08712,0.043817
-0.41116,-0.70177,-0.47204,-0.46153,0.70664,-0.29323,-0.49503,-0.54755,-0.34479,-0.30704,-0.26486,-0.75605,-0.87702,1.0976,-0.051016,-0.44507,-0.021242,0.29926,-0.48902,-0.19168,-0.32398,0,-0.16612,1.9499,-1.3293,-1.0344,-0.09171,-0.19372,-0.36937,0.49159,-1.148,-1.3374,-1.1279,-1.3004,-1.7487,-1.8779,1.1891,-0.53403,-0.11412,0.34521,-0.14008,-0.27597,-0.74382,0.1454,-0.87996,0.11202,0.44959,0.11202,0.081355,0.21093,-0.22442,-0.20883,0.40354,0.23211,1.8645,-1.1618,-0.16959,-0.74172,-0.60329,-1.1336,-0.25568,-0.94706,-1.0074,0.45232,-0.29633,-0.4614,-0.58015,-1.1853,1.1887,-1.5233,-0.83329,-1.0405,-0.36198,0.4886,-1.0843,-0.65207,-1.4368,-1.2926,0.79677,1.6374,-0.84472,-0.6734,0.54607,-0.038917,-0.093054,0.00087893,0.13613,0.38847
1.0475,-0.26294,1.2833,0.48804,-0.26909,-0.79818,-0.15253,-1.7811,0.020902,-0.51328,-2.1531,-1.389,-1.6267,-0.032315,-0.86681,0.90266,-0.85353,1.3517,-1.6732,-0.38387,3.082,0,-0.16612,1.8807,-0.69112,-1.0724,0.11544,-0.29808,0.10281,-0.097562,-1.0195,-1.2575,-0.74582,-1.6676,0.27727,-2.0135,0.11862,1.0146,-1.1615,1.371,0.99179,-0.52234,-0.58778,-2.1768,-1.2866,0.78656,0.038757,0.78656,0.76242,1.266,0.81485,0.14949,0.076501,0.32664,-2.0894,-1.1234,-0.69427,-0.63384,0.57141,0.012055,1.0718,-0.23451,0.036133,0.45232,0.21693,-0.1341,0.12395,-1.409,0.95229,-0.18275,1.7059,-1.1655,-2.8786,2.5366,-0.86606,-1.3627,-0.96391,-1.0356,-1.421,1.1565,0.8977,-0.58454,0.58846,1.0073,1.0715,2.2021,0.17037,0.41094
-0.29965,-3.6481,-0.6636,-0.89979,-2.6738,-0.77894,-2.9904,-2.0973,-3.0091,-3.2738,-1.9889,-1.3516,-1.6069,-0.89291,-2.4497,-1.5168,-2.4445,2.6588,-2.3212,-1.3607,2.3385,0,-0.16612,2.0251,-3.5055,-0.70205,-0.42923,-0.38583,0.27814,0.43441,-0.87174,-0.36092,-0.83855,-2.1034,-1.2906,-1.4393,0.65257,-0.73272,-0.18776,0.12162,-0.33112,-1.1597,-0.86167,-2.6391,-1.654,-0.81436,0.21283,-0.81436,-0.80632,-0.79373,-0.70181,-0.39096,0.35313,1.4112,1.0276,-0.022878,-0.69427,-2.0364,0.92658,-0.81975,1.2949,-1.4146,-1.0345,-1.1299,-0.43221,-3.2362,-0.77575,2.8173,-2.1989,-0.97048,-1.7192,-0.70989,2.029,-1.2701,-1.0785,-4.9743,-0.81408,-1.2574,1.2246,2.5986,0.089685,2.4504,-1.7282,0.32522,-0.014345,1.2331,-2.0633,-1.8983
-0.50212,0.61992,-0.70117,-1.5572,0.47953,-0.61264,0.79491,1.5927,0.44892,0.81744,-0.58412,-0.92354,-0.29676,0.044912,0.053454,0.50713,0.042156,0.015075,-0.25998,-0.20404,-0.32398,0,-0.16612,1.9644,-2.1011,-1.0545,0.040679,0.091584,-0.58853,1.0945,-1.1395,-1.0941,-1.3624,-1.8338,-1.803,-1.7532,0.70377,-0.18259,-1.2636,0.30194,-0.36773,0.58881,-0.61026,-0.89693,-0.7745,0.18869,0.52912,0.18869,0.15136,0.27976,-0.050741,-0.26099,0.59288,0.41272,1.0543,0.81706,0.18019,-0.63384,0.027293,-0.31117,0.61256,0.63528,0.8214,0.46746,-0.24611,0.23987,-0.643,-1.242,1.7972,-1.289,-1.3404,-1.0333,-0.36648,0.64596,-0.902,0.5341,-1.4957,-1.276,0.34719,0.4352,-0.066583,-1.2492,1.2473,0.483,0.39912,1.5663,0.34797,0.61846
5.1481,-0.40112,4.5511,-0.46153,-0.22813,-0.45911,0.28655,-1.0294,1.2319,1.4486,-2.1467,-1.4042,-1.0719,-0.56961,-0.97898,0.15717,-0.95577,1.078,0.45923,-1.1784,3.4107,0,6.6685,-0.50881,1.3671,-1.2407,1.4086,1.2083,-1.1053,-0.32393,-1.3149,-1.4933,-1.1994,-1.1426,-0.30333,-1.8906,0.77292,0.16756,1.1154,1.5115,1.2068,1.1254,3.4653,0.49798,-0.90563,0.19968,0.45644,0.19968,0.16609,0.27922,-0.040548,-0.21532,0.49559,-0.16633,-0.10377,-1.1494,-0.39112,-0.094401,0.94646,1.0747,1.2308,-0.41789,-0.24845,1.3525,-0.015131,0.98465,0.52242,-1.7407,1.0656,0.13076,1.545,-1.569,-2.8714,2.7673,-1.3608,-1.0567,-1.2103,-1.1166,-0.16456,1.1859,-0.15207,1.3616,-1.3415,1.3693,1.7175,0.98029,1.1291,0.65913
0.78595,-1.1543,1.2652,2.0949,0.33217,-0.7247,-0.65603,0.028099,-0.74327,-0.75075,0.15656,-1.0408,-0.69554,0.49229,-1.0981,0.34518,-1.0892,1.1074,-1.2107,0.11671,2.8686,0,-0.16612,1.7913,0.78819,-1.1126,0.73588,0.63726,-1.1352,0.88831,-1.3116,-1.5711,-1.1407,-1.7435,-1.1785,-1.3193,0.43271,-0.41854,-1.0912,0.3739,0.18547,-0.24557,-1.2331,-0.47316,-1.3848,0.35614,0.50753,0.35614,0.31579,0.48811,0.17961,-0.14298,0.22711,-0.21755,0.23745,-1.3979,-0.69427,0.12137,0.068592,-1.1114,0.21966,-0.45393,-0.19642,-0.19579,-0.26762,0.12912,-0.070075,-1.5776,1.8592,-0.82787,1.6528,-1.2178,-0.33206,0.53099,-1.0238,-0.39879,-1.1189,-1.1133,-0.91584,1.1708,0.46,-1.3406,1.3794,0.54085,-0.060651,-0.93674,0.1155,0.60548
-0.11168,-0.33347,0.24481,-0.68066,0.86445,-0.083379,-0.48543,0.27606,-0.57768,-0.56637,-0.70162,0.4913,-0.69488,-0.044868,-0.87309,1.0788,-0.85985,0.50411,-0.26501,0.13007,-0.32398,0,-0.16612,-0.50881,-0.84199,-1.4689,-0.15238,-0.39232,0.24375,-0.34587,-0.405,-0.37109,-0.27461,-1.1355,0.11375,0.61243,0.9715,-0.23396,-1.419,1.5724,1.8445,2.1918,0.28421,-0.20545,0.52464,-0.72427,0.52043,-0.72427,-0.73637,-0.7741,-0.98396,-0.58289,0.57997,0.051271,0.63722,0.52682,-0.15579,-0.74172,-3.8428,-1.6168,-2.6984,-1.1375,-1.2129,0.58379,-0.38406,-0.40132,-0.53546,1.1728,0.31158,-1.9088,-0.13031,-0.39112,2.7379,-1.9587,-0.1083,0.52207,1.5063,0.68561,-0.53166,0.8283,0.30973,0.14421,0.19511,1.2705,1.8964,-0.35829,-0.47261,-0.22567
-0.007603,0.69106,-0.75097,-1.0093,0.43733,-0.56785,-0.57821,-1.6653,-0.66773,-0.66664,-0.026588,-0.43687,0.55719,1.7808,-0.0034522,-0.6282,-0.069567,-0.29429,-0.57883,1.3666,-0.32398,0,-0.16612,1.6519,-0.16858,-0.2429,0.95372,0.80047,-0.99927,-0.43603,0.49361,0.17555,0.21852,-0.57067,-0.28667,0.71535,0.47611,-0.4024,-0.7314,-1.9103,-1.258,-1.1679,-0.50335,-0.53308,3.0211,3.5984,-4.8414,3.5984,4.0197,1.7756,2.464,7.0089,-5.1011,5.7191,-3.8211,-1.9704,1.6721,0.33715,1.2208,1.2217,1.2512,-0.29347,-0.1726,0.4216,0.69638,-0.062372,-0.92638,-0.74644,2.1496,1.5189,0.57353,0.20858,-0.42723,0.40414,-0.19152,-0.39226,0.31549,0.62833,0.4495,-1.3813,-0.67622,-1.1685,1.1613,-1.7162,-1.555,-0.84618,2.6383,2.4541
1.1916,-1.3026,-0.54871,-0.74328,-0.30482,-0.64225,-0.94932,0.74589,-1.0279,-1.0677,0.97524,2.7471,1.5013,3.5184,0.27376,-0.55855,0.2223,-0.2085,-0.090928,0.99861,-0.32398,0,-0.16612,-0.50881,0.92596,-0.0019477,3.5218,4.8587,-1.7739,0.24602,0.1789,0.2441,-0.071138,-0.44954,2.5058,1.4643,0.12615,0.59066,1.5945,-3.4061,-3.6557,-1.6865,0.2542,2.6347,1.863,1.7577,-1.5306,1.7577,1.7911,2.4765,2.4189,0.79625,0.59601,-0.74388,-1.5985,-1.0436,-0.5631,0.44503,-0.20398,-0.88738,-1.2829,-0.48367,-0.37339,-1.1299,-0.43221,0.72184,0.080438,0.35411,-0.67399,0.32774,0.16447,0.1382,-0.26089,0.054675,0.22669,0.24417,1.7445,2.904,0.92167,0.21766,0.58005,-1.291,1.6234,-3.8031,-3.6787,-0.070416,1.537,1.5208
-1.0675,0.34849,-0.72225,0.52454,0.65072,-0.11457,0.6279,1.411,0.50295,0.63693,-0.75113,-0.3336,0.73436,-0.62091,1.0384,-0.23946,0.98929,-0.24946,0.10533,1.2671,-0.32398,0,-0.16612,-0.50881,0.24748,0.075364,-1.1909,-0.83991,1.0382,-0.62838,0.56264,0.46732,0.57237,-1.1477,-0.36261,1.2084,-0.22389,2.2403,0.098121,-0.33401,0.19423,0.36275,-0.38901,0.0045219,0.16998,-0.19988,0.63999,-0.19988,-0.23285,-0.20912,-0.54365,-0.32658,0.5865,-0.30663,1.8339,-0.030948,-0.30076,0.76869,0.17614,-0.17244,0.39772,1.6249,1.6634,1.3525,-0.20553,-0.83067,-0.79186,1.0578,-0.89346,-0.065742,0.97662,0.35066,-0.58659,0.79095,0.75513,1.2803,0.7244,0.26188,-0.083659,0.010074,0.28444,0.051404,-0.21149,-0.3993,-0.48472,-0.18857,-1.0768,-1.0092
0.72845,-0.91909,0.79851,-0.85596,-2.1144,-0.48607,-1.4669,-1.0427,3.1524,-1.6272,0.20533,-1.4491,-0.85003,-0.59371,-1.8833,-1.9026,-1.8806,2.0118,-0.3782,-0.022986,2.8652,0,-0.16612,1.8566,-1.8278,-0.52679,1.0018,0.86115,-0.85135,-0.61902,0.55183,0.16834,0.38644,-0.22683,2.9589,-0.36101,0.73104,0.62064,-0.25664,-0.71261,-0.73816,-1.507,0.31247,0.96383,1.7483,-0.29252,-1.7692,-0.29252,-0.1826,-0.30968,1.1915,0.45704,0.14691,0.057736,-0.63568,-1.2562,-0.69427,-0.31017,1.1134,0.76251,1.3803,-1.2023,-0.75939,-1.1299,-0.43221,-0.80517,0.22355,0.6721,0.91878,4.4713,-0.48277,0.23721,0.21944,-0.76201,0.023641,-2.3684,0.96987,0.69508,1.098,-1.8748,-0.22003,-2.9702,2.4775,-0.74811,-0.39389,0.58959,0.16906,-0.092765
1.4415,-0.40621,2.9802,0.19585,-2.8634,0.49349,-1.5898,-1.2117,-1.423,-1.5077,-1.1843,-1.3582,0.53105,-0.83281,-0.8369,0.88182,-0.81363,0.74112,-1.1721,0.12656,-0.32398,0,-0.16612,2.0422,-1.792,-0.37388,1.3074,1.2292,-1.1352,-2.4563,0.93304,0.48851,1.1284,-0.66952,1.2615,1.0434,-0.20582,-0.99786,0.31975,-1.6789,-1.5288,-1.1844,1.4648,1.3216,0.342,1.5011,0.40377,1.5011,1.4365,1.7253,1.3927,0.42941,0.67719,-0.015844,-0.72829,-1.2683,0.30043,0.22926,1.0195,1.1433,1.0129,-0.76761,-0.56151,-1.1299,-0.43221,1.0569,0.21193,-0.14335,0.62399,2.2711,0.52992,0.48485,-1.7604,1.2885,-0.55583,-0.53138,1.5614,0.89208,-0.26862,-0.13532,-0.91421,-2.216,2.3359,-2.3413,-2.1943,-0.22523,0.37737,0.44775
-0.74396,0.056058,-0.81573,0.41498,0.20704,-0.61297,0.20716,0.55945,0.094571,0.18219,-0.0733,0.66926,0.54674,-0.42174,0.99113,-0.66714,1.0263,-1.1076,-0.04134,1.8059,-0.32398,0,-0.16612,-0.50881,0.46102,-0.52127,-0.31511,-0.3822,0.22615,-1.5662,0.66869,0.47476,0.83595,-0.66401,-0.67971,-0.24452,-0.45904,-1.0189,-0.67341,-0.18814,0.27838,-0.69637,1.5187,0.31857,-0.32112,0.51179,0.48725,0.51179,0.46848,0.53853,0.31201,-0.041747,0.71719,-0.39923,-0.58945,-0.17735,-0.5631,0.76869,-0.31979,-0.96943,-0.24197,1.7452,2.0212,-1.1299,-0.43221,0.066194,-0.58221,0.89786,-1.0682,0.44614,-0.0032631,0.3866,-0.32141,0.30283,-0.58361,1.099,-0.51165,-0.75397,-0.18838,-1.1469,-1.0248,-1.3798,1.5063,-1.0209,1.1603,-0.084041,-0.62684,-0.62949
-0.72865,-0.079107,-0.82501,0.30542,0.6042,-0.33378,0.22586,1.0247,0.11272,0.2024,-1.0723,0.33496,0.283,-0.81596,0.87648,-0.58546,0.76451,-0.85541,0.049851,0.59601,-0.32398,0,-0.16612,-0.50881,-0.29764,-0.56378,-1.1881,-0.85727,1.4814,-1.4691,0.72917,0.4321,0.70274,-0.66855,0.13312,-0.36748,0.11758,-0.51723,0.25243,-0.4121,-0.0012252,0.20821,-0.38397,1.1591,-0.42327,0.937,0.44722,0.937,0.88465,1.0244,0.88631,0.15184,0.68583,-0.1959,0.1453,0.011738,-0.12587,0.33715,0.27423,-0.42173,-0.21735,1.512,1.6956,-1.1299,-0.43221,-1.0336,-0.77769,0.76509,-0.32645,0.18931,0.56588,0.37351,-0.97131,1.2243,-0.23697,0.44876,-0.23443,-0.35928,0.43633,-0.79003,-0.98034,-1.3796,1.4162,-0.64201,-0.33,0.44434,0.41985,0.61041
-0.24197,0.36964,-0.85188,-1.5572,-0.57766,-1.0016,0.43746,-0.45778,0.31811,0.63693,1.4902,0.32941,1.0106,-0.66827,0.58353,-0.31967,0.60927,-0.61115,-0.365,0.94675,-0.32398,0,-0.16612,-0.50881,-0.22477,-0.74092,0.57906,0.75269,-0.98077,-2.0687,0.63178,0.29105,0.9045,-0.047696,-0.10594,0.34816,-0.054591,-0.22276,0.051362,-0.91581,0.63258,0.47804,1.4624,0.88259,0.60656,1.7067,0.34925,1.7067,1.6393,2.0184,1.5502,0.45194,0.70212,-0.18777,-1.5598,0.18963,-0.55785,0.55292,0.48408,0.63066,-0.3371,1.1426,1.0223,-1.1299,-0.43221,0.076247,-0.5718,0.7737,-0.50774,0.19421,0.65578,0.26718,-1.9193,2.2705,-0.028525,0.97142,0.605,0.59426,-0.011961,-1.1817,-0.65894,-1.2767,1.3102,-1.366,-0.53925,-0.35479,0.043458,-0.032682
-1.0903,-0.091416,-0.95432,-2.0831,0.23177,0.016983,0.12691,0.70706,0.23279,0.3361,-0.32871,0.22059,-0.010507,-0.49602,-0.34115,-1.3269,-0.34146,1.163,1.4413,1.6692,-0.32398,0,-0.16612,-0.50881,-1.2813,-1.6359,-1.9199,-0.95231,2.4379,-1.3266,0.62696,0.40525,0.76275,0.062522,-1.0478,-0.34346,-0.077396,-0.44783,0.064082,1.7456,1.1732,-0.1011,0.50335,-0.22328,-0.41014,-1.3354,-0.2346,-1.3354,-1.2907,-1.0429,-1.0723,-0.59381,0.14691,2.0872,2.0772,1.0548,0.32885,-2.6837,-2.0219,-1.7738,-0.89105,-0.81338,-0.6962,-0.18617,-0.42146,0.698,-2.5816,0.63305,0.25352,-1.4916,0.23998,0.35104,1.3585,-1.2377,0.42939,0.26637,-0.80441,-1.2534,0.41863,0.31789,-0.5561,-0.56915,1.1462,1.5309,1.2894,-0.88261,-1.3554,-1.2813
-0.66316,-0.57069,-0.78024,-1.1189,-0.46478,0.33333,-0.43631,1.2553,-0.53,-0.20657,-0.51115,0.87408,0.66934,-0.046063,0.13732,-0.49656,0.16488,-0.0049883,0.23762,0.097198,-0.32398,0,-0.16612,-0.50881,0.70792,-1.5461,-0.95642,-0.8231,1.4529,-0.82117,-0.33129,0.12826,0.044665,-1.0769,0.48284,0.43099,1.1096,0.94373,-0.32081,1.8075,1.7423,0.98869,-0.58619,0.20393,0.15223,-1.0802,-1.6578,-1.0802,-0.96405,-0.53058,-0.030469,-0.065501,-0.70545,0.31152,-0.024395,2.5189,-0.48758,-1.2812,-3.5822,-1.7697,-3.5233,-0.95664,-1.0668,-0.81962,-0.32631,-0.010559,-0.9221,1.9873,-0.17379,-0.22694,-1.0016,-0.21066,2.0801,-1.5248,0.87862,0.57519,0.77183,0.66851,0.33126,1.5465,0.74936,1.0634,-0.047163,1.8094,1.345,-0.6404,-0.78432,-1.2491
-0.89141,1.7175,-0.67813,-0.13284,0.31379,1.2385,1.834,1.4035,1.6736,1.9405,0.022474,1.1819,0.23916,0.56458,0.069831,-1.0586,0.085749,0.014481,0.83978,0.85294,-0.32398,0,-0.16612,-0.50881,-0.85256,-1.519,-1.6006,-0.88869,1.9175,-0.51287,0.49465,0.48999,0.096255,-1.766,-0.24409,0.51479,2.2156,0.38186,-0.097935,1.2687,1.1847,0.77434,0.13671,-0.7109,0.29047,-1.1362,-1.0681,-1.1362,-1.0468,-1.1605,-0.074954,-0.14945,-1.561,0.34765,-0.1389,0.92028,-0.49939,-1.0654,0.029099,1.1198,0.039979,0.70238,0.88852,-1.1299,-0.43221,-1.2066,-1.9718,1.4233,-0.98579,0.12463,-0.049542,0.25884,1.7967,-1.955,0.55085,1.8508,0.011981,-0.57891,1.5852,1.0663,0.2915,0.41563,-0.2902,1.4386,1.2123,0.12012,-0.2992,-0.29461
-1.104,1.3001,-1.001,-0.46153,1.1074,0.63715,1.5325,0.45728,1.381,1.6146,-0.13224,0.1367,0.50897,-0.40822,1.583,-1.9735,1.6222,-1.3462,1.0477,2.0109,-0.32398,0,-0.16612,-0.50881,0.6902,-1.649,-2.3255,-0.72453,2.8825,-0.9049,0.78291,0.58552,0.21021,-1.6006,-1.1332,0.17387,1.6018,-0.54398,-1.2164,1.4579,1.3223,1.2463,0.79636,-0.10607,-0.1758,-0.3307,0.22021,-0.3307,-0.33598,-0.14137,-0.23765,-0.28571,0.18875,2.0758,1.0771,0.092357,-0.044668,-2.5758,-0.063652,-0.0075067,0.27516,2.4017,3.111,0.4216,-0.31636,-0.45359,-2.98,0.67635,-0.77611,-0.94095,-0.95491,0.441,0.96623,-1.114,0.096486,0.96143,-1.2904,-1.2785,1.2822,0.20453,-0.84823,-0.62675,0.73573,1.5241,1.4732,0.61406,-2.0133,-2.0999
1.4229,1.9872,1.038,0.19585,0.040728,-0.77297,1.6553,0.55385,-0.060705,0.0092893,-0.05391,0.2522,-0.11277,-1.0737,0.47892,-0.4566,0.44442,-0.8292,1.3351,1.3535,-0.32398,0,-0.16612,-0.50881,-0.079044,-0.1948,1.8294,2.2185,-1.5544,-0.90978,0.41119,0.2364,0.2549,-1.1468,0.48497,-0.19117,-0.65198,-0.47385,-1.3637,-0.25084,-0.55071,-0.52844,0.28812,1.2049,-0.40034,2.5284,-0.58592,2.5284,2.5143,2.3846,2.1176,2.4081,-0.83755,0.94506,-1.6727,-0.1117,0.52373,1.2002,-0.6649,-0.54895,-0.013969,1.1094,1.1917,-0.19901,-0.15724,0.81575,-0.2365,1.1425,-0.94697,-0.018274,0.045808,0.090887,-0.75885,1.1729,-0.056307,1.1914,0.33976,-0.27346,-0.43483,-0.39054,-0.77671,-1.1713,1.1116,-0.70057,-0.86659,-0.32082,-0.81654,-0.75426
-0.3441,1.7759,-0.24598,-0.33005,0.039707,-0.10644,1.834,0.070855,1.9078,2.2012,-0.87917,0.12087,0.92404,0.19435,0.57962,0.057312,0.58222,-0.37417,2.3942,1.9165,-0.32398,0,-0.16612,-0.50881,1.3956,-1.4357,-0.47435,-0.53446,0.38246,-1.1335,0.029074,0.087543,0.22811,-0.57939,0.087787,-0.21554,1.1116,0.35605,-0.66453,0.9496,1.1451,0.33258,3.2161,-0.019854,-0.05582,-1.4611,-0.72629,-1.4611,-1.3842,-1.2384,-0.79492,-0.31022,-1.3526,-0.3687,-0.35285,1.6028,-0.028823,-0.41806,-0.1644,1.5393,0.032394,0.99391,0.68085,-1.1299,-0.43221,-0.28453,-1.0377,1.7533,-1.3819,1.0951,-0.055422,0.01503,1.4148,-1.8813,0.090477,0.43922,0.035631,-0.34439,0.28275,-0.21683,-0.026795,0.7695,-0.39167,0.9796,0.96605,0.32198,0.86546,0.3761
-1.0418,1.6115,-0.71482,1.1819,1.2295,0.6126,1.6553,1.0247,1.6736,2.1336,-0.05391,-0.45132,0.38269,-0.76492,0.55615,-0.86357,0.5986,0.16786,0.76423,-0.56507,-0.32398,0,-0.16612,-0.50881,0.57676,-1.5786,-0.79226,-0.52685,0.6314,-0.26525,0.46247,0.52672,0.19166,-0.19234,-0.019091,-0.51481,1.6776,0.4358,-0.93776,0.78692,0.77262,0.37022,0.68803,-0.23819,-0.69179,-1.2302,-1.0971,-1.2302,-1.1377,-1.4149,-0.20019,-0.099837,-1.0243,-0.35437,-0.35908,-0.043286,-0.19518,-0.41806,0.12108,0.53227,0.43665,1.1858,1.445,-0.00038659,-0.35206,-0.7101,-1.8893,1.2366,-1.3961,-0.32503,0.47415,0.31455,1.1296,-1.4209,-0.30142,1.3894,-0.32784,-0.41144,0.48673,-0.029253,-0.20307,-0.16311,0.079414,0.9682,0.70236,1.6657,-0.34882,-0.13394
-0.93099,0.65662,-0.89109,0.74367,0.78526,0.21945,1.1213,0.95076,0.98187,1.1702,-0.30496,0.047633,0.3624,-0.86599,-0.015099,-1.3824,-0.078741,0.45386,0.726,2.2468,-0.32398,0,-0.16612,-0.50881,-0.14438,-1.3264,-1.1313,-0.82061,1.5076,-1.3516,0.62315,0.5275,0.69763,-0.37416,-0.32648,-0.14465,1.5977,1.087,-0.70757,0.78875,0.5991,-0.27542,-0.080186,0.61594,1.7194,-2.059,-1.6001,-2.059,-1.923,-2.2775,-1.0643,-0.33301,-0.88517,-0.61004,1.1056,-0.25177,-0.074195,-0.094401,-0.053241,-0.3633,0.27441,0.83967,1.5,2.5937,-0.36841,-0.29001,-1.921,0.58632,-0.54563,-0.23307,0.55869,0.37347,1.2664,-1.7893,-0.3557,1.3486,-0.10341,-0.19204,2.2575,0.77159,0.53395,-0.65634,0.6734,0.67006,0.45522,-0.26863,-0.1447,-0.10493
-0.90845,0.29658,-0.74824,2.0584,0.81657,0.34668,0.58324,1.2601,0.63303,0.78177,0.14977,1.0384,-0.27674,-0.75237,0.89046,-0.43059,0.92783,-0.38159,0.5378,0.74486,-0.32398,0,-0.16612,-0.50881,0.57676,-1.5397,-1.0356,-0.94101,1.36,-0.35688,-0.079003,0.39949,0.039172,-1.5525,-0.45207,0.30937,1.9016,-0.87804,-0.29158,1.2242,1.4624,0.96797,-0.80391,-0.75865,-0.97052,0.21838,0.066409,0.21838,0.20713,0.50829,0.19568,0.056289,0.40354,-0.47927,-0.71992,-0.019329,-0.41007,0.33715,-0.27557,-0.5009,-0.11719,1.4152,1.3875,1.0422,-0.40383,1.0446,-1.2875,1.281,-1.2577,-0.053413,-0.25565,0.028146,0.76023,-0.85142,0.29614,1.3551,0.1233,-0.28595,1.7209,1.0301,-0.74183,0.1448,-0.35602,1.3823,1.2106,-0.34084,-1.3838,-1.3891
