-0.75071,-0.27253,-0.20129,0.44624,-0.15482,-0.033768,-0.4477,1.2337,-0.32407,-0.41029,0.23742,-0.37297,-0.10778,-0.42083,-0.43275,0.14218,-0.42774,0.04872,0.65649,1.2544,-0.12538,-0.21627,-0.22693,-0.12535,0.44947,0.53928,-0.97973,-0.79019,1.5002,-1.4501,0.67399,0.30541,0.82374,1.8534,0.8529,0.10727,-0.36297,0.26989,1.0124,0.35722,0.56963,0.33535,-0.073221,0.52436,-0.94203,-0.1366,0.17531,-0.1366,-0.17071,-0.068308,-0.18479,-0.60366,0.43016,0.3679,-0.039145,0.25907,0.81255,-0.61966,0.058806,-0.43727,0.21402,-0.37707,-0.45055,-0.62672,-0.51623,-0.21984,0.015266,0.12368,0.30791,0.96458,-0.50322,0.28255,0.31771,-0.34247,-1.6855,-0.21591,0.53518,0.42607,-0.95819,-2.119,-0.49542,0.29602,-0.38796,0.48462,0.0015374,-1.3629,-0.45593,-0.46521
-1.0017,1.1517,-0.049113,1.2281,1.4729,0.52717,0.18085,-0.24901,1.8339,0.70739,0.21509,-0.48297,1.0363,-1.0886,-0.41531,-0.5425,-0.4026,0.07807,1.0663,0.95762,-0.12538,-0.21627,-0.22693,-0.12535,0.34276,0.35367,-1.3537,-0.884,2.0992,-1.2731,0.70801,0.49461,0.75472,-0.52531,-0.43872,-1.3897,-1.9277,0.2575,0.32587,-1.2178,-1.4299,-2.0523,-1.0482,-0.11356,-0.77416,-0.25117,0.17495,-0.25117,-0.28619,-0.21415,-0.37108,-0.58607,0.70132,-0.84764,-0.10871,-1.0315,0.666,0.48635,0.93195,2.0613,1.0604,-0.22602,-0.27024,-0.62672,-0.51623,0.10599,-0.30983,0.11915,-1.4908,-2.1759,0.62669,0.36008,-1.065,1.1663,-1.0649,-0.462,-0.92034,-1.2793,-0.13625,0.047399,-0.20018,-0.22923,0.66732,-1.1648,-0.9209,0.73696,-1.5838,-1.5236
0.14021,3.2906,0.44554,-1.6589,-2.7545,0.21463,-0.30744,-1.5402,-0.22547,-0.11897,-1.7636,-0.28387,-0.98531,0.24275,-0.50941,-0.44444,-0.50843,0.40759,0.24819,0.28842,-0.12538,-0.21627,-0.22693,-0.12535,-0.55704,1.4188,0.11523,0.02701,-0.51769,-0.9948,0.57036,0.33885,0.70043,1.1033,0.68315,0.49578,-0.94941,0.49801,0.95891,-0.0097809,0.79724,0.61298,1.2952,1.2233,1.4973,-3.045,0.177,-3.045,-3.1106,-3.0655,-3.3138,-2.8204,0.27396,-1.2199,0.49111,1.4894,-1.2099,-2.3577,0.46858,0.73435,0.39391,-0.63242,-0.82183,-0.62672,-0.51623,1.7647,0.44945,1.4665,-0.48622,1.6158,-0.3109,0.39501,-0.039238,0.33229,-0.87594,0.63526,0.52524,0.52657,2.0652,-1.448,1.3232,0.0089575,-0.13711,0.31904,0.40399,0.82136,0.33116,0.18763
4.9498,0.45372,1.5483,0.2056,-2.859,0.36693,0.83077,-1.906,0.1535,-0.24339,-2.5709,-0.55679,-1.0534,-0.41856,-0.44479,0.072449,-0.42916,0.5442,0.1453,-0.59352,-0.12538,-0.21627,-0.22693,-0.12535,-0.90804,1.3793,0.87546,0.30064,-0.66978,0.048956,-0.31582,0.11895,-0.15927,-1.0227,-0.42733,-0.88425,-2.6614,-1.4057,0.52011,-1.2304,-1.5936,-1.6987,1.912,-0.59627,0.46369,-6.2149,-7.8696,-6.2149,-6.3134,-6.3404,-6.6078,-5.1434,-1.9753,-4.04,7.802,0.54224,-1.8091,-3.3057,0.85082,1.8933,1.1799,-0.44658,-0.53604,0.096098,4.9485,-0.9347,2.1721,0.60003,-0.079076,-0.56097,-0.94546,-0.13445,-1.7813,1.967,-1.1992,-0.26404,-0.71607,-0.81686,-1.5215,-2.3321,-1.0424,-2.8685,2.462,-1.1673,-1.0601,0.45134,-1.5384,-1.4558
-0.3909,3.8422,0.087879,-0.27553,-0.90826,0.4045,-0.44436,-0.49494,2.6619,-0.11897,-0.41809,-0.61709,-0.7005,-0.18487,-0.78603,-0.6934,-0.79232,0.24183,1.2593,1.9227,-0.12538,-0.21627,-0.22693,-0.12535,1.0751,0.39403,-0.79104,-0.654,0.17754,-1.5822,0.50152,0.16943,1.088,0.6755,1.3154,-0.059165,-0.18724,-0.68559,0.32039,1.5991,1.9684,1.4178,-1.5201,-0.49548,0.8017,0.075175,0.17412,0.075175,0.04425,0.14826,0.053407,-0.39684,0.92507,0.37894,-0.074174,1.2055,-1.4567,-0.46166,0.33244,0.40207,0.53869,-0.4729,-0.60122,-0.62672,-0.51623,0.09691,0.33406,0.57071,0.75243,1.1368,-0.52728,0.26127,0.2922,-0.18796,-1.4043,-0.2641,0.90772,0.36305,-1.5215,-1.9027,-0.13092,-0.80595,0.90057,1.8797,1.9228,0.088289,0.17945,0.00957
0.22799,-0.40846,1.0657,1.6491,0.17269,-0.38831,2.3915,-0.75626,-0.5446,-0.27613,-0.67972,-0.6384,-0.25144,-0.40639,-0.40134,-0.32367,-0.383,-0.091605,-0.29097,-0.64042,-0.12538,-0.21627,-0.22693,-0.12535,-0.76289,0.59487,-0.44131,-0.42635,-0.069456,-1.1959,-0.27651,-0.52582,0.21819,-0.95353,0.12205,-0.7467,-0.72972,-0.51382,0.27004,0.11774,0.030927,-0.48878,-1.1812,-1.9151,0.30042,0.11141,0.15547,0.11141,0.096544,-0.11563,0.22983,0.113,-0.76417,-0.37278,-0.12882,0.069669,0.43802,0.64435,0.56415,0.99006,1.0602,-0.50138,-0.63151,-0.62672,-0.51623,-0.86915,0.81621,0.24678,-0.044324,0.29763,-0.4802,-0.46408,-0.56372,0.29076,0.038255,-0.75291,-0.32696,-0.057849,0.22837,-0.8451,-0.53454,-0.67558,0.63023,-0.15762,-1.3447,-0.41233,-0.023359,-0.10593
-0.33685,-0.019077,0.34482,-0.27553,-0.54556,0.5228,-0.30744,0.55029,0.352,-0.11897,0.47892,-0.24519,0.96125,-0.18307,-0.64353,-0.12757,-0.62136,0.27365,-1.0166,0.38937,-0.12538,-0.21627,-0.22693,-0.12535,-1.1011,0.89606,-1.0651,-0.81761,1.568,-1.0269,0.62401,0.51015,0.78669,1.5964,0.20476,-0.17647,-0.56074,-0.061078,0.4271,0.88071,0.56971,-0.037878,1.2139,-0.011017,0.018567,-0.0057874,0.17285,-0.0057874,-0.036559,0.0072708,-0.020659,-0.37908,0.44698,2.2714,0.065144,1.3231,0.097544,-1.4097,0.22358,0.40898,0.082822,-0.37856,-0.44076,-0.62672,-0.51623,1.7858,0.64073,1.7295,-0.43579,0.42941,0.57879,0.59751,0.28731,0.03917,-0.54861,0.5094,-0.19831,-0.17656,1.275,-0.74966,1.0692,-0.42022,0.15947,0.98788,0.38291,-1.3681,0.53443,0.61773
-0.43069,0.31801,0.076101,-0.93717,0.61142,0.64511,-0.18763,-0.30241,0.27982,-0.11897,-0.70135,0.0092259,1.0165,-0.073399,-0.1454,-0.20645,-0.12277,-0.16616,-0.55789,-0.32789,-0.12538,-0.21627,-0.22693,-0.12535,0.69849,0.94415,-0.61419,-0.49702,0.39479,-0.56188,0.80061,0.6206,0.92052,0.35293,-0.9357,-0.27816,-0.53764,-0.24576,-0.14638,0.31836,-0.20475,0.87616,-0.90422,-1.0294,-0.42078,-0.77151,-0.059252,-0.77151,-0.68927,-0.14045,-0.31436,-0.6921,1.1322,-0.99617,-0.05947,1.2087,-1.4567,-1.0937,0.22022,0.83305,0.13559,-0.084159,-0.099646,-0.62672,-0.51623,0.91795,0.4427,0.59706,-0.48704,-1.1055,0.17548,0.74524,-0.5682,0.60351,-1.1531,0.69079,-0.86405,-0.86259,0.11124,-0.19182,-0.65653,-0.066941,0.069537,0.42587,0.34768,2.0909,0.31,0.29686
-2.0065,-0.019077,-3.7903,1.4086,-1.4987,-3.0566,-0.30744,-1.0176,-0.22547,0.44982,-0.86659,-0.18175,0.54009,-0.50366,3.1593,3.838,3.1831,-3.6041,-0.068452,-1.1268,7.5649,6.5714,5.7696,-0.12535,-1.1011,1.7449,1.5738,1.2481,-0.8653,-0.22633,1.7137,1.7159,1.6793,1.4097,1.6148,1.1695,3.8563,1.8213,0.22875,0.056771,-0.010126,2.2395,-0.69188,-2.4046,0.14394,-1.6462,-0.20363,-1.6462,-1.4888,-1.6298,-0.44892,-0.79801,-0.0071999,0.54385,0.17799,2.5528,-1.4762,-2.5157,-0.19412,-0.36581,-0.14268,3.4079,3.9018,-0.62672,-0.51623,1.1228,3.3486,0.45529,2.5224,0.12728,0.0591,1.8875,0.98481,-1.2973,-0.3213,0.83009,1.445,0.98619,0.46713,-0.64576,0.79696,0.13461,-0.084154,0.25749,-0.15203,-0.11574,1.1094,1.4323
-2.3028,-0.38199,-3.8365,0.50636,1.4153,-3.5281,-0.35308,0.10606,-0.41797,-0.45075,-0.72083,0.095667,1.6456,0.043723,2.4307,3.5639,2.4589,-1.5378,-3.3206,-2.6355,-0.12538,2.6685,3.0112,-0.12535,-1.5921,1.8389,1.9195,1.7059,-1.5026,1.7983,-0.74505,-0.73873,-2.1566,-1.9948,2.3953,2.7259,3.0056,-0.30688,1.5684,-2.3686,-2.0431,-2.0833,-0.011571,-2.0849,0.82365,-0.87812,0.01226,-0.87812,-0.83534,-0.39219,-0.54811,-0.81328,1.4242,-1.8119,-0.32733,0.10458,-1.5095,0.012344,-1.0533,-1.0775,-0.41445,3.0714,4.3596,-0.013383,-0.27198,1.8083,2.961,0.69536,1.1671,-0.81057,-0.17129,-1.058,-0.076182,-0.53225,0.016479,0.36664,2.1018,1.4016,-1.5215,-1.5026,0.44168,0.95067,-0.91012,-2.4325,-2.4423,1.1362,0.052723,0.28048
0.13187,-0.48584,0.30328,1.8898,-0.21429,-0.3375,-0.48576,-0.1253,0.43259,-0.48934,-1.9933,-0.75098,-0.25675,-0.75211,-0.2773,-0.054345,-0.25346,0.44294,0.50069,1.6064,-0.12538,-0.21627,-0.22693,-0.12535,-2.6555,0.26144,0.030671,0.013658,-0.40452,-1.4024,0.51677,0.089953,1.0178,-0.0098498,-0.6696,-0.41171,0.23007,0.86804,1.3018,-0.86388,-0.44722,-1.0108,-1.0098,-1.61,0.80313,0.43425,0.13883,0.43425,0.43853,0.16808,0.56269,0.67395,-0.48226,-0.34872,-0.18398,-0.2962,0.63222,1.1184,0.47535,0.15376,0.7046,-0.24087,-0.28439,3.2578,0.35678,-1.1628,0.043917,-0.53296,0.71368,1.3599,0.38841,0.24229,-0.7712,0.79795,-0.32455,0.26988,-0.99703,-0.92355,-0.19652,-0.47243,0.36374,0.79772,-1.0374,-0.90623,-0.43118,-0.38396,0.15013,0.058819
-0.6084,0.31801,0.16939,-1.1176,1.0997,0.43253,-0.30744,-1.2101,-0.22547,-0.11897,-0.70135,-0.41816,-0.90686,0.082871,-0.41888,-0.72278,-0.44522,0.039123,-0.33459,0.48556,-0.12538,-0.21627,-0.22693,-0.12535,0.69849,-0.06189,-0.81909,-0.56167,0.69896,-0.7054,0.27731,0.15066,0.6037,-0.16641,-2.7848,-1.3373,-0.56212,-0.70197,-0.48431,-0.9941,0.1475,0.47065,-0.47708,-1.5662,-0.63117,-2.5021,-0.15255,-2.5021,-2.3799,-3.1924,-2.7528,-0.95936,-0.99126,-1.067,0.054155,1.5373,0.49564,-1.5677,0.62217,1.164,0.71995,-0.43606,-0.54318,-0.62672,-0.51623,0.34126,-0.72114,0.081071,-0.57195,-0.67243,0.074677,0.26049,-0.84809,1.0824,-0.7349,0.3006,-2.1156,-2.3371,0.65857,-0.83408,-0.46722,-0.567,0.67591,-1.3925,-1.0839,1.5037,-1.5595,-1.4343
-0.26993,0.23164,0.19357,0.44624,0.28976,-0.020227,-0.35925,-1.4954,-0.44398,-0.22658,-0.45654,-0.63414,0.72185,-0.20172,-0.33056,-0.048514,-0.31341,0.33281,-1.2616,-0.18223,-0.12538,-0.21627,-0.22693,-0.12535,-0.012979,-0.014453,-0.2647,-0.20626,-0.64923,-1.2199,0.62505,0.33161,0.86357,1.4123,-2.7219,-1.0269,0.15582,-0.49768,-1.4983,-0.054967,0.4064,0.021176,-1.3981,1.0417,0.62675,0.41927,0.17652,0.41927,0.39006,0.47901,0.30023,-0.15788,0.76293,0.23426,-0.081213,-0.53464,0.47369,0.17035,0.28039,0.20449,0.6053,-0.090928,-0.095231,-0.62672,-0.51623,-0.72963,0.29609,0.36614,0.67957,1.0333,-0.52827,0.43239,0.24073,-0.017868,-1.0156,0.59195,-2.4221,-1.5203,1.7351,-1.1824,-0.96309,-0.31753,0.1605,-0.30827,1.9841,-0.061513,0.44825,0.33847
0.27739,-0.58449,0.58811,-0.2154,-0.010264,0.060146,-0.50349,0.064993,-0.13359,-0.29995,-1.0908,-0.42644,0.88097,-0.69269,-0.24518,-0.71386,-0.24167,0.60797,0.51949,-0.22382,-0.12538,-0.21627,-0.22693,-0.12535,-1.5186,0.53079,-0.28611,-0.22281,-0.18588,-0.31835,-0.070981,-0.26575,0.070582,-0.74235,-1.4223,-1.4504,-0.17953,-0.13315,-0.40621,-0.93012,-0.91349,-0.32328,-1.8474,-1.3306,-1.7944,0.27256,0.13875,0.27256,0.27527,0.089551,0.25275,0.70682,-0.78252,-0.68025,-0.20752,-1.5765,0.70382,1.7504,0.24614,0.33493,0.60366,-0.42529,-0.55088,-0.62672,-0.51623,-0.6264,0.39518,-0.49673,-0.056983,0.14875,-0.12394,-0.20835,-1.1961,1.1435,0.077319,-0.13305,-1.6108,-1.2051,0.98129,-0.78422,-1.3786,-0.26321,0.32489,-1.077,-0.016342,0.10284,-0.57784,-0.70517
-0.48687,1.7862,0.021553,-1.4785,0.54291,0.55389,2.8276,-0.75626,2.0484,0.79347,-1.0908,-0.33043,0.84949,-0.43559,-0.31493,-0.60663,-0.2986,-0.16872,1.2058,0.64334,-0.12538,-0.21627,-0.22693,-0.12535,-0.20976,-0.19576,-0.97815,-0.72925,1.1045,-0.35454,0.44704,0.19425,-0.019598,0.15009,-0.999,-1.1373,-1.2276,-0.25878,0.32789,-1.1777,-0.93054,-1.0113,0.51197,-1.9508,1.7877,0.87978,0.1441,0.87978,0.8864,0.68424,0.63007,0.99161,-0.7101,0.2667,-0.14727,-0.44146,0.58783,0.012344,0.95201,2.0648,1.3595,-0.13811,-0.15474,2.8489,0.57028,-0.41829,-0.52079,-0.18841,-0.90109,-1.2862,-0.58301,0.10021,-0.86404,0.83696,-0.6473,-0.94782,-1.095,-0.90856,-0.62629,-0.23925,-0.62655,-0.39365,0.76682,-1.4117,-0.89992,0.59559,0.13139,0.013154
0.0055655,-0.047377,0.16319,0.32592,0.22821,0.0327,-0.37431,0.71599,-0.037462,-0.25785,1.6166,0.021287,-0.83722,0.33109,-0.40842,-0.61919,-0.42538,0.47365,1.4051,-0.18716,-0.12538,-0.21627,-0.22693,-0.12535,0.42746,-0.51691,0.35289,-0.030623,-0.12158,0.24897,0.13159,-0.22793,-0.12471,-0.68,-1.8398,-1.3985,-1.0563,0.7912,-1.8847,-2.2757,-1.9744,-1.1663,-0.59216,-2.5138,-1.648,-0.23457,0.17556,-0.23457,-0.26988,-0.2137,-0.35597,-0.58735,-0.09277,-0.4948,-0.077158,0.12513,0.75905,0.17035,0.35746,0.52633,0.43643,-0.40414,-0.50401,1.1585,0.69593,-0.42149,-0.54161,-0.82175,0.015987,-0.33901,0.95035,-0.038932,-1.2936,1.5002,-0.31165,-0.69006,-1.8197,-1.6537,-0.37263,0.70915,0.095577,-0.50331,0.64991,-2.3528,0.11973,1.7657,-0.16877,-0.26718
-0.61863,-0.034843,-0.11389,0.68681,-0.36054,0.42262,-0.28286,0.87516,-0.12183,-0.067922,0.30922,-0.48417,-0.26432,-0.28589,-0.7403,-0.66924,-0.74257,0.32389,0.66013,-0.52677,-0.12538,-0.21627,-0.22693,-0.12535,-0.012979,0.18864,-0.70473,-0.68696,0.79254,-0.66059,0.84353,0.65076,1.0625,1.5411,0.39638,-0.62258,-0.056556,0.1103,-0.82618,0.53709,1.2,-0.44319,0.023747,2.7385,1.1704,-0.45906,-0.043214,-0.45906,-0.37403,0.19992,0.058739,-0.34672,1.3394,-0.8441,-0.28182,0.68306,-1.4567,-0.46166,0.2659,0.24251,0.45009,-0.4201,-0.5295,-0.62672,-0.51623,1.3339,-0.16947,0.72347,-0.1395,-0.21507,-0.38349,0.83352,0.53315,-0.47898,-0.74408,0.20311,-0.10841,-0.27609,1.2159,-0.89982,0.7,-0.55563,0.45492,0.45428,0.58745,-1.3834,-0.36687,-0.23915
0.71105,-0.7146,0.58285,1.0477,-0.015346,0.18194,-0.49914,-0.39697,1.3915,-0.31804,-1.3992,-0.85157,-0.65089,-1.0827,-0.53983,-0.36891,-0.54268,-0.0020792,0.7909,0.69303,-0.12538,-0.21627,-0.22693,-0.12535,0.93079,0.25622,0.31232,0.26274,-1.0044,-0.25003,-0.2739,-0.13441,-0.043434,-0.58108,-0.82348,-0.42986,-0.23059,1.4427,0.39572,-0.643,-0.41376,-0.66039,-1.4601,-1.6072,-0.18085,0.22356,0.14582,0.22356,0.2192,-0.045784,0.38378,0.63502,-0.61799,-0.42587,-0.19234,-0.11552,0.85417,0.64435,0.56736,0.91506,0.776,-0.30486,-0.35175,-0.62672,-0.51623,-0.2231,0.35048,-0.29998,0.048953,-0.33056,1.1399,-0.34031,-1.0946,1.1234,0.54975,-0.36965,-0.93052,-1.2582,0.99196,0.026403,0.50612,-0.33716,0.64201,-0.45228,-0.75473,0.57922,-0.99478,-1.0366
0.43629,0.51802,0.32963,-0.32367,-0.076517,0.40071,2.7278,-2.0497,-0.8992,-0.45075,-1.8309,-0.78266,0.022586,-0.93309,-0.45016,-0.57853,-0.44282,0.12188,-0.49995,-0.19734,-0.12538,-0.21627,-0.22693,-0.12535,-0.68973,0.46532,-0.5044,-0.48113,0.81483,-1.5635,0.53901,0.403,1.0651,0.52484,-0.69498,-0.31331,-0.67281,0.33756,-0.32162,0.33308,-0.21805,-1.313,0.84956,0.67266,1.0985,0.36714,0.13173,0.36714,0.37712,0.10154,0.67681,0.74438,-0.85068,0.083339,-0.14083,0.052429,0.68771,-0.30366,0.37947,0.16859,0.83566,-0.49278,-0.61528,-0.62672,-0.51623,-0.65169,0.64723,-0.69253,0.90773,0.9202,0.69647,0.42997,-0.5167,0.55136,-0.88377,-0.6908,-0.55092,-0.097333,1.2504,-1.044,-0.0093551,0.29399,-0.48978,-0.073005,-1.2437,-1.3391,-0.62277,-0.58932
0.083508,-0.26126,0.053476,0.14548,-0.63007,0.31109,-0.30744,0.24644,2.0203,-0.11897,-1.6072,-0.6265,-0.24396,-0.56613,-0.68717,-0.18823,-0.67382,0.80504,0.33058,0.56458,-0.12538,-0.21627,-0.22693,-0.12535,-0.43338,0.4887,0.42047,0.29042,-0.78806,-1.636,0.49421,0.059624,0.57437,-0.42186,-1.5096,-1.1899,-0.86123,2.2214,0.1088,-1.2687,-1.2405,-0.35336,0.34253,-1.7185,-1.141,0.089942,0.14337,0.089942,0.086443,-0.0070193,-0.23212,0.68121,-1.0807,0.94314,-0.10742,-0.54286,0.85417,-0.77766,0.51666,0.67436,0.67191,-0.36672,-0.43957,-0.62672,-0.51623,1.8318,0.78516,-0.4069,-0.0053915,0.59443,0.78165,0.076489,-1.1825,1.2141,-0.8467,-0.18389,-1.566,-1.8614,0.32247,-0.1931,-0.43875,-0.29934,0.22905,-1.247,-1.7405,1.9505,-1.0438,-1.3476
-0.31291,-0.48584,0.068353,0.68681,-1.0379,0.6189,-0.48576,-0.1253,-0.50749,-0.25785,0.17262,-0.51602,-0.28202,-0.7504,-0.36979,-0.38711,-0.37133,0.083818,-0.66592,-0.80716,-0.12538,-0.21627,-0.22693,-0.12535,1.3083,0.5404,-0.27707,-0.22456,-0.12158,-1.3555,0.6512,0.39672,0.69016,1.8655,-0.86984,-0.4063,0.59946,1.2493,-0.57886,0.2341,0.461,-0.2838,-0.78026,0.97056,-0.21871,0.83272,0.17658,0.83272,0.80777,0.87969,0.72498,0.10203,-0.72288,0.86426,-0.10264,0.1549,0.28821,0.012344,0.20121,-0.35634,0.20365,-0.29016,-0.33497,-0.62672,-0.51623,-0.3702,0.29046,-0.40491,0.75597,0.053509,0.18288,0.30995,0.41711,-0.63089,-1.5542,-0.41186,-0.71763,0.16196,1.8306,-1.2222,0.21766,-0.22639,0.35244,-0.48126,-0.23315,-0.49386,-0.26938,-0.28243
1.0411,-0.45525,0.27632,-0.87705,-2.1095,0.32551,-0.45019,1.3516,-0.82752,-0.41546,0.38921,-0.23579,0.98894,-0.78038,-0.54813,-0.77852,-0.55037,-0.0036221,-0.080537,0.24749,-0.12538,-0.21627,-0.22693,-0.12535,0.38915,0.37463,1.1819,0.85869,-1.139,-0.10027,0.23519,0.10862,0.085728,0.12757,-2.4022,-0.85788,-0.7677,-0.0097141,1.4233,-2.117,-1.0371,0.28735,-0.95171,0.46023,-1.0019,0.55122,0.12562,0.55122,0.57014,0.30202,0.18859,0.86888,-1.0569,-0.024471,-0.15498,-0.75272,0.3804,0.17035,0.012674,-0.42205,0.46223,-0.36756,-0.46721,-0.62672,-0.51623,-0.75692,0.42469,-0.60388,0.42351,-0.50627,0.45623,-0.0099863,-0.47553,0.3521,-0.52248,-0.98561,-1.821,-0.94715,0.82344,-0.64649,-0.20396,-0.81215,0.91182,-1.5217,-0.74678,0.1391,-0.62705,-0.61292
0.72705,0.45372,0.34265,-0.034962,-0.28318,0.25562,-0.52863,-1.9216,-0.64008,-0.32315,-0.49082,-0.32601,-0.25486,-0.40301,-0.58512,-0.38028,-0.56011,0.45933,0.16417,-0.19875,-0.12538,-0.21627,-0.22693,-0.12535,0.47381,0.5729,-0.027504,-0.19073,-0.14334,-1.1059,-0.14152,-0.36804,0.15327,0.76034,0.35923,0.08781,-0.39965,-0.42346,0.23397,-0.83468,-0.59722,0.36199,1.6207,1.7161,0.85368,0.74357,0.099792,0.74357,0.79278,0.30759,0.25555,1.4022,-1.1196,1.6366,-0.091465,0.12311,-1.6515,-0.61966,0.23641,0.31565,0.74982,-0.37177,-0.44341,-0.62672,-0.51623,-0.54909,0.68601,-0.018498,0.39814,0.18852,-0.20467,-0.43816,-0.51628,0.40105,-1.0465,0.093482,-0.059628,0.22593,-1.5215,-2.0848,0.030954,-1.2907,1.0755,-0.42714,-1.2167,0.41131,-0.98362,-0.91198
-0.022623,-0.85292,0.03395,-0.034962,0.2747,0.10033,-0.45019,-0.18139,-0.82752,-0.41546,0.38921,-0.3248,0.29071,-1.0796,-0.15085,0.41822,-0.13435,-0.054964,0.47079,-1.0172,-0.12538,-0.21627,-0.22693,-0.12535,1.1934,0.22105,-0.50657,-0.61575,0.67307,0.11146,-0.28115,-0.58109,-0.71897,-0.93513,0.34369,-0.36345,-0.40992,-1.0135,-0.64806,1.0132,0.45316,-0.2972,-0.4065,-0.36395,-0.79166,0.17437,0.14671,0.17437,0.17018,0.046571,-0.083461,0.81256,-1.5944,-0.2189,-0.15336,0.51835,0.7432,0.96035,0.075153,-0.21707,0.45173,-0.013467,0.02533,-0.62672,-0.51623,-0.10008,0.55567,-0.056536,-0.68915,-0.69881,0.30085,-0.65077,-1.3463,1.3706,-0.39987,-0.51673,-0.1782,-0.42825,2.3681,-1.375,-1.1381,-0.11475,0.31084,0.6861,0.50285,0.69977,-0.92645,-0.94087
0.26329,0.82954,0.015354,-1.2379,-0.61595,0.17044,-0.37431,-0.1253,-0.037462,-0.026375,1.2556,-0.19244,0.61842,-0.26678,0.11982,-0.42143,0.13533,0.26139,-1.0834,-0.35306,-0.12538,-0.21627,-0.22693,-0.12535,0.86788,0.34867,0.54167,0.12898,-0.40452,-1.1529,0.53249,0.22256,0.69342,1.2912,-0.87011,-0.98251,-0.38063,0.94702,0.13331,-0.014833,-0.26133,-1.2599,0.20348,-0.5917,-0.3343,0.7891,0.13175,0.7891,0.80727,0.48866,0.27337,1.131,-1.1881,1.0647,-0.10592,1.1175,-1.2384,-0.30366,0.22027,0.52364,0.44142,-0.25979,-0.25887,1.8266,1.8914,0.94789,0.13888,0.44802,-0.18345,-0.82705,0.32238,0.32869,-0.51277,0.43201,-1.0976,0.14355,-0.9191,-1.086,-0.37943,-0.53716,-0.30035,-0.4348,0.54168,-0.37961,0.054131,-0.88345,-0.35223,-0.21979
0.84309,-1.012,0.1542,-0.63641,-0.85782,0.2677,2.5485,1.2619,-1.3804,5.6095,0.011325,-0.693,-0.83739,-1.1498,-0.28463,-0.55011,-0.32017,-0.041874,0.76727,-0.84725,-0.12538,-0.21627,-0.22693,-0.12535,-0.012979,0.31161,0.98372,0.68555,-0.71633,0.18918,0.039403,0.029603,-0.30839,-1.0607,-0.70947,-1.4821,-1.0829,-0.69272,-0.46948,-0.81239,-0.86013,-1.5329,-0.0012428,-0.32743,-1.7005,0.33623,0.13768,0.33623,0.34132,0.10551,0.11389,0.71414,-1.0252,0.045819,-0.10287,0.47741,0.58783,0.32835,0.60647,0.18476,1.2061,-0.31612,-0.37538,2.0311,1.7718,0.29279,0.16468,-1.1907,0.82456,-0.54906,0.86315,-0.1522,-0.54772,0.42706,-0.56913,-1.6086,-1.3455,-0.84526,0.29615,-0.34006,-0.87772,0.18403,-0.14284,-0.84528,-0.074671,-0.47413,-0.2876,-0.21499
-0.45269,0.51802,-0.13218,-0.75673,-1.7483,0.4473,-0.46719,-0.3251,0.063274,-0.21377,-1.0908,-0.28524,0.38795,0.081529,-0.34919,-0.32179,-0.39636,0.88577,-0.37338,0.70606,-0.12538,-0.21627,-0.22693,-0.12535,1.5661,0.41431,-0.47598,-0.48986,0.81483,-1.6114,0.81933,0.41444,1.0964,0.49243,-0.57242,-0.40458,-1.312,-0.045561,1.1179,-0.32935,-0.5404,-1.5961,0.60682,-1.1002,0.022893,0.42363,0.17681,0.42363,0.39422,0.48902,0.26343,-0.22593,0.52956,0.28062,-0.11294,0.029458,-1.6593,0.012344,0.071994,-0.053357,0.13191,-0.54163,-0.68453,-0.62672,-0.51623,-0.11564,0.45147,0.16361,0.58259,-0.5112,-0.47838,0.51822,-0.56761,0.61882,-1.5941,-0.98225,-0.24225,-0.014805,2.0295,-1.0769,-0.52285,-1.1336,1.2411,-0.57864,-0.6763,-0.84554,-0.59342,-0.39808
1.6657,-0.58449,0.75052,-0.17932,0.093257,0.68369,2.873,0.064993,-1.0523,6.4867,1.3759,-0.36854,0.035654,-0.035638,-0.46791,-0.3258,-0.46022,0.19559,0.63128,-0.6348,-0.12538,-0.21627,-0.22693,-0.12535,-0.22807,0.42649,1.1632,0.80148,-1.2919,0.21851,-0.52435,-0.35678,-0.56481,-1.3702,-0.64427,-1.3714,-0.35244,-1.0775,0.75505,-0.71983,-1.2517,-1.4025,0.50905,-0.75652,-0.84632,0.70336,0.12956,0.70336,0.72193,0.44091,0.47299,1.0702,-0.95951,0.17859,-0.16588,-2.6924,0.33102,0.48635,0.74291,1.026,1.4095,-0.42814,-0.51966,-0.62672,-0.51623,-0.14874,0.8006,-1.162,1.3017,-0.077767,0.73378,-0.54147,-1.1874,0.9842,-1.1022,-1.9913,-1.0798,-1.0072,0.71476,-0.52413,-1.864,-1.0692,1.2908,-1.2828,-1.7325,0.93775,-0.93763,-1.1472
-0.32357,-0.38199,0.046038,-0.75673,0.46857,0.61606,-0.46719,0.53722,-0.41797,-0.21377,0.019199,0.43741,2.1066,-0.6678,-0.6927,-0.61134,-0.6824,0.47963,-1.2739,-1.4027,-0.12538,-0.21627,-0.22693,-0.12535,-0.68973,0.5116,-0.81534,-0.72899,0.81483,1.8276,0.40291,0.19194,-0.13101,0.34854,1.18,-0.34944,-0.22352,0.41408,-0.97459,0.62456,0.78952,0.80584,0.33898,0.98998,0.71879,0.68699,0.17528,0.68699,0.66164,0.76687,0.62402,0.053581,0.70132,0.23972,-0.11589,0.39762,-0.63671,0.48635,0.26881,0.17764,0.29566,-0.39622,-0.47064,-0.62672,-0.51623,0.095849,0.19509,0.18748,0.26846,-1.2224,-0.31058,0.5693,-0.14852,0.078317,-0.51456,-0.52084,0.40055,0.19676,0.27118,0.071917,0.19969,-0.36024,0.37965,0.65889,1.2767,0.37877,-0.6903,-0.35247
-0.49721,0.45372,0.12166,0.44624,0.15932,0.25125,-0.40575,-0.52319,0.39643,-0.32315,-0.090799,-0.29248,-0.24082,-0.14702,-0.3528,0.31029,-0.33761,0.44546,0.32411,-0.14865,-0.12538,-0.21627,-0.22693,-0.12535,1.9342,0.22899,0.074677,-0.033589,-0.76727,0.067354,-0.20776,-0.424,-0.80221,-0.50783,-0.2269,-1.1164,-0.19297,-0.9104,-0.18019,-0.2305,-1.1132,-1.2977,0.088085,-1.3163,-1.1552,-0.090406,0.17418,-0.090406,-0.12315,-0.0021388,-0.12716,-0.52017,0.58324,-0.033987,-0.090143,0.44375,1.0206,-0.30366,0.076005,0.029111,0.23016,-0.23464,-0.25891,-0.62672,-0.51623,-0.44825,0.15567,0.44775,-0.21981,-0.43188,0.50462,-0.58986,-1.0238,1.1276,-0.82775,0.44842,-0.58662,-0.90627,0.87883,-0.012758,-0.83524,1.2059,-1.159,-0.27852,-0.77302,-0.21662,-1.5861,-1.7027
-0.13371,-0.27253,0.41827,-1.1898,0.036038,0.70495,-0.33082,0.34928,-0.32407,-0.16752,1.3759,0.31447,1.1703,1.0402,0.85513,-0.011469,0.85932,0.44743,1.082,0.27972,-0.12538,-0.21627,-0.22693,-0.12535,0.44947,0.50905,0.1882,-0.21195,0.016439,-1.3243,0.52508,0.053444,0.80836,1.1149,-0.54502,-0.35553,-1.6521,0.79354,1.0376,-1.3644,-0.43159,-0.39932,-0.77976,-0.22906,0.4305,0.62075,0.14629,0.62075,0.62226,0.44733,0.35048,0.87279,-1.3455,0.91348,-0.10557,1.3224,0.47369,-0.14566,-0.045091,0.018078,0.0060359,-0.019881,-0.018512,-0.62672,-0.51623,-0.53888,0.27016,0.16235,-0.10801,0.12046,-0.84494,0.19916,0.2381,-0.34987,-0.89465,0.14297,-0.42491,-0.1092,-1.5215,-1.1835,-0.29031,0.076895,-0.16707,-1.1176,-1.5236,-1.3159,0.063719,-0.010583
1.5153,0.45372,0.14863,-0.034962,-1.7594,0.26617,-0.36734,-1.3311,0.1535,0.067668,0.88256,-0.20362,-0.19667,0.93618,0.044081,0.16814,0.062723,0.345,1.398,0.24875,-0.12538,-0.21627,-0.22693,-0.12535,-0.31133,0.30501,0.30138,0.025456,-0.28957,-1.1696,-0.44489,-0.79607,-0.16768,0.022828,-0.8495,-0.91687,0.70456,-2.0567,-1.2513,-2.2556,-1.398,-0.94065,0.071252,0.562,-0.26657,0.33592,0.17691,0.33592,0.30551,0.40204,0.15909,-0.27088,-0.59764,0.64062,-0.060037,-0.015762,-0.81041,-0.30366,0.52288,1.2428,0.74411,0.10368,0.15733,-0.62672,-0.51623,-0.11554,0.86159,1.8593,-0.56723,-1.1518,0.55064,-0.69347,-2.8375,2.681,-0.35476,-0.12795,-1.0536,-1.0843,-1.5215,-1.0091,-0.18217,0.11632,-0.044482,-1.7664,-2.5731,1.4305,-1.4317,-1.2929
-0.20923,1.724,0.49048,2.1303,0.33888,-0.017388,2.639,-0.092932,2.4694,1.2082,0.90154,-0.70088,1.6815,-0.9323,0.19631,-0.42228,0.20743,-0.016458,1.7772,1.5893,-0.12538,-0.21627,-0.22693,8.2791,-1.5836,0.42744,-0.73186,-0.58569,0.65389,1.7633,0.59365,0.66041,-0.31274,0.44999,-0.41271,0.049062,-0.6253,0.42887,-0.077338,-1.1101,-0.87211,-0.28584,-0.47353,0.722,-0.45157,0.70861,0.14225,0.70861,0.71476,0.45046,0.64195,1.0729,-0.83254,0.026619,-0.12463,-1.1065,0.67049,1.4344,1.1262,2.8541,1.5544,-0.30403,-0.38468,-0.62672,-0.51623,1.1134,0.27243,0.56829,-2.1899,-1.793,0.41853,0.77029,-0.68574,0.43502,0.12323,-0.83815,-0.084904,0.24758,1.0205,0.39166,-0.78517,-0.26761,0.62431,-0.97777,-0.65031,-0.26321,1.2435,1.1543
-0.2471,1.724,0.075171,1.7695,0.066153,-0.67843,2.3728,-1.0879,2.0952,1.0239,-0.52159,-0.76875,1.6913,-0.77488,0.30624,-0.5334,0.27377,0.039479,1.4332,2.5153,-0.12538,-0.21627,-0.22693,7.5151,-0.53651,1.2225,-0.83818,-0.7765,0.8792,1.0391,0.40636,0.23057,0.07416,0.31671,-0.37107,-0.64635,-0.61237,1.6161,-0.23572,0.35008,-0.29411,-0.33616,0.62669,0.61461,0.028622,-0.15069,0.031717,-0.15069,-0.10291,0.078166,-0.011966,0.28647,1.58,-1.4783,-0.13029,-2.3192,0.86606,0.96035,1.0551,2.1947,1.4125,-0.085387,-0.10054,-0.62672,-0.51623,0.45391,0.51863,0.043286,-0.98083,-1.3897,0.095778,0.51708,-0.37765,0.20338,0.39313,-0.91699,-0.72456,-0.78456,1.0714,0.34231,-0.15516,0.52134,-0.5086,0.45881,-0.35699,-1.0809,1.253,1.1937
0.023642,0.068013,0.9526,-0.57629,-0.23876,-0.024158,2.1573,-1.1874,0.5445,-0.68775,-2.2009,-0.81691,0.13713,-0.51759,-0.24269,-0.44654,-0.22528,-0.013083,-0.33634,-0.021704,-0.12538,-0.21627,-0.22693,-0.12535,-1.5921,1.6132,-0.25315,-0.21525,-0.054211,-1.3999,1.0622,0.51522,1.1105,-0.16998,-0.58455,0.065124,0.71245,1.6544,0.44976,0.32171,-0.21552,0.27214,-0.55891,-0.19994,0.63738,-1.1752,-0.18942,-1.1752,-1.0047,-0.60058,-0.22778,0.11679,0.32082,-0.69107,-0.79482,0.71831,-1.6665,-1.4097,0.38539,-0.051332,0.64665,-0.31011,-0.36551,0.59996,0.9919,1.0535,1.3066,0.076149,0.4917,1.0311,-0.78327,0.65977,0.70295,-0.80863,-0.4983,-0.37344,-0.22962,-0.24507,-0.7413,-1.2975,1.5425,0.30918,-0.1641,0.17274,0.36107,-1.2108,0.42319,0.41025
-0.11422,-0.047377,-0.22392,-0.39585,0.35695,-0.093028,-0.48576,-0.1253,-0.037462,-0.25785,-0.91035,0.12695,1.1941,-0.39274,0.34655,0.60673,0.36271,-0.19993,-0.19692,0.43076,-0.12538,-0.21627,-0.22693,-0.12535,-0.89384,0.88846,-0.42385,-0.31926,0.16137,-0.11176,0.55543,0.60147,0.90585,0.37474,0.096867,-0.74922,-0.41101,0.78526,-0.44984,1.6973,2.008,0.89008,-1.4946,0.98549,-0.097329,0.20178,0.16177,0.20178,0.18268,0.13937,0.12544,0.18725,-0.24337,-0.16159,-0.10343,-0.28117,0.666,0.48635,-0.25845,-0.51293,-0.40454,0.14782,0.21894,-0.62672,-0.51623,0.13277,0.80055,0.69235,-0.22193,1.0742,-0.32396,0.95024,0.88266,-1.2018,0.26796,0.57955,-0.24014,-0.40115,-0.0075379,-0.035042,1.0816,0.62958,-0.55159,1.3738,1.3992,-0.75675,1.2112,1.0838
0.28336,-1.0954,-0.091884,0.10939,-2.5774,-4.4657,-0.41394,0.24644,-1.1238,-0.56135,-0.23034,0.25922,1.9563,-0.15086,2.4432,1.8012,2.3851,-0.68699,-2.7821,-3.2808,-0.12538,3.4717,2.9073,-0.12535,-1.6946,1.434,3.3068,3.6871,-1.8695,0.11739,-0.30458,-0.55632,0.052427,-3.2405,1.2505,1.1007,1.6982,0.98393,-0.44261,0.50697,0.92539,0.55521,-0.77515,0.77279,2.0185,0.96296,0.16975,0.96296,0.94573,0.95075,0.89107,0.60614,-0.23874,-0.38035,-0.14155,-2.8,0.64231,1.9084,-0.61392,-1.4502,-0.64468,1.1,1.7728,-0.62672,-0.51623,-0.43088,1.9215,0.47754,1.005,1.9731,0.41616,-0.1492,0.27126,-0.37341,0.96646,4.2709,1.1677,1.0783,-0.45592,-1.3052,1.1504,0.47679,-0.61544,0.23969,1.0266,-0.793,2.5546,3.0013
0.65088,-0.54562,0.2509,0.32592,-1.2226,-0.63693,-0.46719,1.8682,-0.47812,-0.24339,1.1614,-0.1319,1.5409,-0.9026,0.30016,0.084597,0.31556,0.18269,0.74156,0.0031406,-0.12538,-0.21627,-0.22693,-0.12535,0.97097,1.0863,0.33034,0.030188,-0.66978,-0.6643,0.23967,0.054562,0.45858,0.38102,-0.77661,-0.17984,-1.1157,2.4695,-0.58752,0.20687,0.26759,-0.41094,-0.31997,0.35689,-0.0086364,0.60091,0.13161,0.60091,0.61647,0.23133,0.733,1.2881,-0.83254,0.054817,-0.17973,0.35384,0.52125,0.96035,-0.27856,-0.71589,-0.29927,0.035224,0.1051,-0.62672,-0.51623,-0.37854,0.89757,0.29245,-0.61968,1.4547,0.54017,0.15269,0.0536,-0.4424,0.57137,0.59201,-0.28376,-0.36263,1.7224,-1.2461,0.58511,-0.1322,0.26422,0.1681,0.068057,-0.90166,0.64244,0.38454
0.64162,-1.0863,0.24564,0.32592,-1.0722,-0.021901,-0.59499,1.0402,-1.0339,-0.71619,0.45089,-0.72862,1.8395,-0.89894,-0.34169,-0.10711,-0.33852,0.33685,0.18773,1.5118,-0.12538,-0.21627,-0.22693,-0.12535,-1.3343,0.72844,0.96035,1.0607,-1.7343,-0.14528,0.63656,0.26036,0.37974,-2.1243,-0.93487,-0.86094,-1.0715,2.1787,0.36925,0.46101,0.095015,1.2296,-0.12275,0.23587,-0.58968,0.6381,0.16359,0.6381,0.62283,0.54133,0.5617,0.49975,-0.79445,-0.2439,-0.1482,-0.88911,0.54503,1.2764,0.25421,-0.55707,0.46977,-0.30423,-0.33843,-0.013383,3.2247,-0.80245,0.45602,-0.28757,0.61396,2.0277,-0.15668,0.30118,-0.69882,0.70678,0.46738,0.83046,-1.0825,-1.1418,0.11891,-0.65829,0.92912,1.1636,-1.3447,0.059921,0.29571,-0.14937,0.334,0.19151
0.20817,-1.1575,0.10555,-0.034962,-0.4507,-0.1552,-0.60814,-0.22832,-1.0974,-0.54834,-1.2419,-0.60165,1.422,-1.2498,-0.45121,-0.20893,-0.43934,0.47219,-0.50377,-0.28612,-0.12538,-0.21627,-0.22693,-0.12535,-0.38294,0.90616,-0.25229,-0.20951,-0.08829,-0.90465,0.35001,0.14613,0.83036,-0.67881,-1.0417,-0.91495,-0.29775,1.3361,-0.29046,0.29271,0.51292,-0.37811,0.12095,1.2779,-0.34622,0.8015,0.1277,0.8015,0.82572,0.52925,0.76201,1.6757,-0.95951,0.49879,-0.16954,-0.28574,0.63222,0.96035,0.12901,-0.88872,0.19977,-0.3263,-0.37095,-0.62672,-0.51623,-1.0018,0.53691,-0.45842,0.84873,0.85402,0.58989,0.21639,-0.46177,0.43846,0.40252,0.90756,-1.2099,-1.6038,-1.1539,-0.79341,1.7512,0.57435,-0.68534,0.34435,0.07262,0.25448,0.032741,0.037756
-0.44548,0.34011,-0.17743,0.14548,0.91709,-0.0023905,-0.14429,-0.94788,0.89263,0.21989,2.0337,0.32178,1.4039,-0.46562,-0.12986,-0.2034,-0.12022,-0.24824,1.0749,1.4449,-0.12538,-0.21627,-0.22693,-0.12535,-0.012979,1.0719,0.10939,-0.046206,-0.36238,0.070245,1.1572,0.75658,0.73183,1.0335,-0.29293,-0.1948,0.21188,0.54934,0.46132,1.0404,1.4019,0.19841,-1.68,0.81298,-0.2601,0.34102,0.12313,0.34102,0.36155,0.024998,0.18057,1.151,-1.4619,1.1435,-0.16356,-0.33366,0.3986,-0.30366,0.15659,0.54787,-0.02901,-0.10355,-0.13414,-0.62672,-0.51623,2.3954,0.44356,1.1474,-1.7021,-0.030264,-0.39934,1.109,0.11458,-0.55452,0.089622,0.67011,-0.13997,0.046856,1.1446,0.83961,0.68481,0.63019,-0.68005,0.88577,0.74263,-0.85778,1.2258,1.1271
-0.33442,-0.54562,0.37116,0.32592,-0.067106,-0.27452,-0.56703,0.36849,-0.8992,-0.65813,-1.4126,-0.53668,0.6672,-0.96062,-0.44365,-0.48323,-0.43666,0.5062,0.61389,0.81172,-0.12538,-0.21627,-0.22693,-0.12535,0.1838,0.92488,-0.13206,-0.072837,-0.66978,-0.78462,0.84616,0.85108,0.84687,0.19797,-0.63786,-0.41291,-0.034949,1.6211,0.23312,0.56352,0.18266,0.75376,-0.91751,1.3864,0.03149,0.35744,0.14099,0.35744,0.35858,0.080093,0.51529,0.61148,-0.48226,-0.28507,-0.13133,-0.69305,0.63222,1.1184,-0.052612,-0.93278,0.23272,-0.35065,-0.43838,-0.62672,-0.51623,2.3861,0.77516,0.22651,0.29632,1.181,-0.27977,0.72366,-0.31793,0.33299,0.27426,0.65955,-0.37308,-0.69446,0.45319,-0.62553,1.5004,0.51686,-0.64792,0.67197,0.83434,0.40217,-0.32371,-0.28936
-0.35219,0.98996,0.26516,1.4086,-0.51281,-1.0692,-0.62694,1.0486,-0.22547,-0.56135,-0.91875,-0.8293,-0.27803,-0.48187,-0.32651,-0.19653,-0.31839,0.72344,-1.6817,0.35899,-0.12538,-0.21627,-0.22693,-0.12535,0.82785,0.89029,0.49929,0.23251,-1.0584,-0.76751,0.72364,1.0355,0.74938,0.52368,-0.9862,-0.92911,-0.76653,1.1918,0.33062,1.609,0.81472,-0.50388,0.080119,0.65737,-0.37192,0.081615,0.17686,0.081615,0.048599,0.15554,-0.071067,-0.48674,1.6186,-0.3612,-0.12161,-0.30034,-1.6665,0.17035,0.36453,-0.18655,0.61475,-0.29052,-0.34616,-0.62672,-0.51623,0.55177,1.0408,-0.056601,0.60459,0.85364,-0.59324,0.79499,-0.33528,0.54775,-0.78051,0.296,-0.94975,-1.1195,-1.5215,-0.89147,1.3296,0.44598,-0.38366,1.3894,0.89899,1.1808,-0.60308,-0.75823
-0.26128,-1.392,-0.23631,-1.4785,0.75936,-0.15367,-0.58129,-0.93973,-0.96796,-0.68775,0.32624,-0.78411,0.41323,-0.92647,-0.23239,-0.16923,-0.21314,-0.24821,0.41477,0.76537,-0.12538,-0.21627,-0.22693,-0.12535,-0.39835,0.81052,-0.4385,-0.42762,0.028557,0.58873,0.7972,0.7505,0.64027,0.76511,-0.74238,-0.61243,-0.033609,1.244,0.10999,0.70721,0.43549,0.74379,-0.2823,2.0636,-0.1392,0.034401,0.1694,0.034401,0.0069436,0.0094428,-0.081077,-0.14861,-0.49923,-0.26268,-0.12508,-0.63293,-1.673,0.32835,0.50979,0.0094192,0.6603,-0.26761,-0.29571,-0.62672,-0.51623,2.1461,0.81886,-0.45569,1.1148,1.5073,-0.020973,1.1753,0.19208,-0.34918,-0.052574,0.44662,-0.29366,-0.17102,0.76576,-0.61353,0.85367,0.6106,-0.53286,0.92747,1.0146,-1.1572,-0.032733,-0.063747
1.2213,-0.93425,0.61787,0.68681,-1.3944,0.27426,2.0289,0.74343,-0.8992,-0.45075,-0.44735,-0.48233,2.1525,-1.1376,0.12671,0.30651,0.11855,-0.46848,0.19751,-0.21922,-0.12538,-0.21627,-0.22693,-0.12535,-0.60334,0.74139,0.40884,0.16476,-0.66978,0.66258,-0.070792,0.55636,-0.067046,0.90393,-0.66303,-0.57361,-1.0645,2.7823,0.48717,0.68151,0.57662,-0.1239,0.76001,0.10582,-0.29139,0.67174,0.1144,0.67174,0.70581,0.27982,0.765,1.6335,-0.9018,0.32476,-0.14558,-0.41368,0.38809,1.2764,0.11336,-0.35233,0.2127,0.30139,0.49849,-0.62672,-0.51623,-1.0378,0.70907,0.27363,0.18875,1.7156,-0.86944,0.36281,-0.04263,-0.21497,0.33148,0.80788,-0.8999,-0.46937,0.82015,-0.86967,0.99222,-0.2306,0.37548,0.17605,0.74896,-0.44375,2.4903,2.3078
2.5838,-1.012,2.5547,2.6115,-0.67863,0.48334,2.4373,1.2969,-0.59297,-0.52616,0.67114,-0.069496,1.7499,-0.81301,-0.071322,0.73298,-0.1079,0.83017,-0.83421,1.368,-0.12538,-0.21627,-0.22693,-0.12535,-0.22807,0.76039,0.63667,0.46212,-1.2919,0.48047,0.27329,1.1755,0.29193,0.5179,-0.17229,-0.318,-0.085586,0.22648,-0.55579,0.18721,0.59062,0.39512,0.57459,0.40767,-0.017563,0.48875,0.14857,0.48875,0.4852,0.30876,0.55915,0.66155,-0.54396,-0.36173,-0.1178,-0.45136,0.60717,1.7504,0.12369,0.13853,0.41399,-0.22946,-0.22573,-0.62672,-0.51623,-0.94087,1.2789,0.80926,-0.30303,1.5751,-1.0848,0.88,0.2088,-0.72126,0.83544,-0.12628,-0.38957,-0.44184,0.62105,0.29133,-0.21313,-0.34845,0.44672,0.017405,0.21207,-0.20443,2.1764,1.9553
2.5301,-0.9243,0.466,0.86725,-0.5002,-0.1477,3.0807,-2.2285,-0.97754,-0.72082,0.53361,-0.61114,0.53074,1.1964,0.22733,-0.22761,0.12587,0.11303,-0.0981,0.44421,-0.12538,-0.21627,-0.22693,-0.12535,1.7487,0.91489,0.85867,0.5202,-0.9704,1.7313,0.47306,0.84767,-0.55979,-0.067758,-0.30917,-0.25894,0.3537,0.41486,-0.023146,-0.3642,-0.1842,-1.3608,0.059403,1.1611,1.0342,0.64559,0.077478,0.64559,0.72091,0.2392,0.33589,1.953,-1.413,1.2578,-0.14082,-1.7628,0.34814,0.32835,0.77044,1.4847,1.0706,-0.06383,0.017245,-0.62672,-0.51623,-0.35514,1.3354,-0.36625,1.1936,1.6042,0.0069127,0.73523,0.13511,-0.30752,-0.39085,-0.95917,-0.26721,-0.15944,1.7212,-1.1411,0.048816,-0.40885,0.40035,-0.25286,0.40815,-1.6556,0.53643,0.3226
2.1253,-0.85292,1.2749,0.25375,-3.117,0.32645,1.997,0.20188,-0.82752,-0.62725,-0.9264,-0.65014,1.4276,-1.221,-0.032957,-0.059427,-0.022315,0.28232,0.28752,0.64179,-0.12538,-0.21627,-0.22693,-0.12535,-2.4258,0.72253,1.0727,0.62698,-0.8801,1.889,0.48779,0.54637,-0.79228,-0.35472,-1.0589,-0.38648,-0.42737,2.5456,0.27005,-0.35518,-0.30419,-0.075025,1.2388,0.82213,-0.58472,1.2899,0.10932,1.2899,1.3381,0.84727,1.8098,1.9099,-0.37955,0.012846,-0.20796,-0.90634,0.75905,2.3824,0.41332,0.38003,0.35886,-0.15965,-0.10916,-0.62672,-0.51623,-0.96183,0.76189,0.099654,0.35864,2.7392,0.055432,0.56711,-0.64383,0.61761,0.32728,0.1923,-1.0693,-0.10926,0.24908,-0.26144,0.92864,0.84813,-0.90056,-0.50212,-1.0444,-0.83729,2.3817,2.2904
-1.0927,2.2593,0.074552,1.2281,1.52,0.12858,-0.40329,-0.75626,3.4127,1.4736,0.14253,-0.49503,0.72074,-0.15854,-0.13096,-0.28068,-0.1561,-0.27367,1.4012,1.306,-0.12538,-0.21627,-0.22693,-0.12535,-0.57924,-1.0959,-1.8766,-1.0131,3.1323,-0.15241,1.2427,1.0703,1.4093,0.0016863,-0.10963,-0.28577,-0.59831,-0.72228,-1.2274,0.25311,0.1785,-0.35072,-0.87306,1.0529,0.32569,-0.35258,0.16405,-0.35258,-0.38089,-0.17458,-0.26537,-0.59844,1.0347,0.14962,-0.04097,-0.57032,0.98733,-0.77766,1.044,2.553,1.4157,-0.16333,-0.17332,0.11748,0.68688,0.84701,-1.3376,0.69081,-2.3729,-2.6279,-0.38235,1.3716,-0.38589,0.12649,-0.29864,0.45874,-0.22579,-0.24967,0.51264,0.53002,-0.74848,-0.068242,0.16973,0.3585,-0.27158,-1.5606,-0.31432,-0.24608
0.9317,2.978,-0.11699,-0.034962,-0.89301,0.29246,0.0026626,-0.75626,-0.10659,-0.060417,-1.0908,-0.37015,-0.11233,0.65751,-0.19488,0.062385,-0.17975,0.64402,0.7251,-0.25807,-0.12538,-0.21627,-0.22693,-0.12535,-1.4144,0.85148,-0.24457,-0.51079,0.62739,-1.0604,1.3322,1.4278,1.4908,-0.41795,1.4195,0.2214,0.20791,-1.1795,-2.1391,0.56234,0.76687,0.59283,0.8853,-1.3772,-0.8537,-0.4186,0.17702,-0.4186,-0.45694,-0.37718,-0.58016,-0.88857,0.1442,1.4024,0.061697,1.4306,0.64231,-1.4097,0.4418,1.0938,0.4594,-0.10726,-0.046823,-0.62672,-0.51623,1.8958,1.1239,2.0174,-0.77186,0.662,-0.15954,1.4318,1.4452,-1.2504,-0.94306,-0.28836,1.1496,0.55561,-1.3501,-1.192,0.29354,-0.23944,0.14186,0.68498,0.014945,-0.51207,0.31104,0.44841
-0.28239,-0.83199,0.14491,-0.57629,0.17438,0.76552,-0.46719,-0.3251,-0.8992,-0.45075,-0.35082,-0.38816,-0.58635,-0.45225,-0.25168,-0.61406,-0.271,0.27265,0.41187,-0.0053325,-0.12538,-0.21627,-0.22693,-0.12535,0.2126,-0.20848,-0.12821,-0.28567,0.23547,0.26518,0.80409,0.67857,0.75268,0.34324,0.093833,-0.32486,0.37325,0.024583,-2.38,0.65911,1.5424,0.44816,1.7241,0.044635,0.36883,-6.2149,-7.8696,-6.2149,-6.3134,-6.3404,-6.6078,-5.1434,-1.9753,-4.04,7.802,-0.99916,-1.8091,-3.3057,0.43944,0.30019,0.48795,-0.21723,-0.1809,-0.0058596,0.42086,2.5964,-0.60765,0.4474,-0.21606,0.35005,-0.1075,1.027,0.089954,-0.1159,-1.05,0.53314,-0.12284,-0.34144,1.1604,-1.3104,-0.094116,0.39323,-0.41367,0.69747,0.23347,-0.55135,0.68519,0.72335
-0.82973,0.18963,-0.26421,-0.75673,0.75504,0.24885,0.13674,-0.53514,-0.32407,-0.16752,-1.2806,-0.12112,1.0615,-0.51093,-0.43428,-0.71879,-0.44885,0.32043,0.77575,0.018914,-0.12538,-0.21627,-0.22693,-0.12535,-0.93788,0.76732,-0.90646,-0.76665,1.5002,-0.4863,1.0438,0.8097,1.1364,0.57481,0.68503,-0.62971,0.004665,-0.077795,-1.3736,1.0332,1.1871,0.91153,-1.267,-0.59715,-0.26698,-1.3966,-0.20729,-1.3966,-1.2347,-0.58459,-0.24329,-0.6071,0.48483,-0.64684,-0.28093,0.35556,-0.73907,-0.93567,0.20573,0.67359,0.084726,-0.384,-0.4724,-0.013383,2.4295,1.8522,0.34696,1.3882,-0.87147,-0.32777,-0.012433,1.1396,0.44024,-0.64705,-0.67709,-0.22517,0.29524,-0.26898,1.4843,-0.32874,0.60116,-0.034905,0.19631,1.1022,0.64246,-1.0007,1.186,1.3377
-2.0295,0.51802,-3.4807,0.86725,-1.2151,-4.4298,-0.35308,0.96837,0.063274,-0.45075,-1.4609,0.028042,1.2565,-0.024116,4.0186,4.5974,4.0068,-3.2995,-2.8477,-1.1366,8.2336,6.5714,5.5338,-0.12535,-0.23856,1.4306,2.837,2.8462,-1.7923,1.7377,3.6903,4.2466,1.7842,1.2484,2.3567,4.0373,1.5826,-0.29226,-0.5281,0.88804,1.0177,4.0025,0.24011,2.0967,1.8464,-0.099429,0.17568,-0.099429,-0.13343,-0.0085265,-0.17982,-0.59573,0.86752,0.26535,-0.062892,0.11084,-1.6219,-0.61966,-1.0927,-0.87754,-0.33038,4.502,5.0566,-0.62672,-0.51623,-1.1927,3.0853,-0.046989,2.9403,-0.74794,-0.014115,3.6925,0.82197,-1.8785,0.8311,0.53173,2.5712,2.3077,1.4381,-1.0726,1.3096,0.37731,-0.37636,1.3434,0.30713,-0.51911,1.0115,1.6297
-0.76105,0.15582,-0.18053,-0.57629,1.7543,-0.27794,-0.20094,1.0486,0.22368,0.10223,0.11385,-0.084372,0.61139,-0.79195,-0.34217,-0.72837,-0.37133,0.47005,0.6425,0.6761,-0.12538,-0.21627,-0.22693,-0.12535,-0.43338,0.17776,-1.2239,-0.67261,1.1045,-0.49479,1.1082,0.99185,1.2253,0.68271,0.59155,-0.18753,0.78604,0.19593,-0.85616,0.36358,0.36454,0.65157,-1.1167,-0.39192,-1.358,-0.72693,-0.0046384,-0.72693,-0.67526,-0.23694,-0.46106,-0.79367,1.3394,-1.1848,-0.012592,0.77903,-1.6329,-0.93567,0.19575,0.53516,0.32893,-0.16378,-0.16767,-0.62672,-0.51623,1.433,-0.2431,0.61073,-0.8695,-0.94932,-0.073866,1.2603,-0.45326,0.25955,-0.27974,0.50098,0.30835,0.045919,0.6884,0.26598,0.1166,0.29556,-0.29686,0.54666,0.26318,-1.5204,-0.9422,-0.821
-0.046818,0.068013,-0.085995,-0.2154,-1.1356,-0.2149,-0.23897,1.8307,0.063274,0.023235,1.1292,-0.27334,1.0016,-0.76002,-0.33549,-0.21084,-0.3402,-0.055523,0.70697,1.2274,-0.12538,-0.21627,-0.22693,-0.12535,-1.1409,0.14391,-0.62689,-0.55146,0.81483,-0.18856,0.90843,1.1637,0.95644,-0.28839,-0.65349,-0.75466,-0.67565,1.4147,-0.17529,0.69404,0.98664,0.81099,-2.0015,-0.72975,-1.2381,0.47054,0.17689,0.47054,0.44155,0.53843,0.30782,-0.16827,-0.30999,-0.22005,-0.1019,-0.14432,0.9374,0.64435,0.11963,0.44396,-0.048109,-0.32075,-0.38589,-0.62672,-0.51623,-0.74585,0.1699,1.8535,-0.94088,-0.080935,0.49574,1.1304,-0.2608,0.33382,0.40634,1.4346,-0.71052,-0.89861,1.6799,-0.35936,1.3765,0.48157,-0.43187,0.94878,0.71205,0.040588,0.35366,0.41731
-0.33245,0.094484,-0.082276,-0.27553,0.81338,0.29064,-0.25699,0.20188,0.51917,0.24775,-0.67972,-0.1524,0.69733,0.21781,-0.30425,-0.3173,-0.31148,0.63591,0.23875,-1.2017,-0.12538,-0.21627,-0.22693,-0.12535,0.237,0.6583,-0.32749,-0.24287,-0.70979,0.074805,0.75968,0.82286,0.94505,0.79684,0.23877,-0.48564,-0.60021,-0.20471,-1.1619,1.0308,0.91318,-0.18104,0.0066942,-2.0384,-0.57984,0.018523,0.17702,0.018523,-0.015269,0.10647,-0.14042,-0.57312,0.64884,1.4103,-0.00084074,0.77509,0.9566,-1.0937,0.068985,0.46282,0.31417,-0.18058,-0.19628,-0.62672,-0.51623,1.9997,0.0016615,0.49048,-0.17915,0.22235,-0.79078,1.0762,0.044186,-0.092814,-0.19351,-0.24913,0.0042229,-0.30686,0.55392,-0.30442,0.68028,-0.11008,-0.023876,0.97216,0.69256,-0.347,0.59622,0.67047
-0.23112,-0.15699,0.18489,-1.2981,-1.0458,0.30745,-0.30744,-0.30241,-0.22547,-0.36781,-0.70135,0.20495,1.482,-0.47691,-0.58241,-0.2449,-0.5637,0.26882,0.17873,1.3441,-0.12538,-0.21627,-0.22693,-0.12535,-1.1988,0.45758,-0.23686,-0.3613,0.090631,1.9224,0.93739,1.3764,0.24025,0.25467,0.98187,0.056525,-0.48673,0.07847,-0.081418,-0.55063,-0.88292,-0.12219,0.50834,0.79369,1.1702,0.20446,0.17678,0.20446,0.17279,0.30953,0.069673,-0.4066,1.0237,0.13148,-0.067702,0.8894,-1.0207,-0.14566,0.14716,0.26698,0.44949,-0.36755,-0.43589,-0.62672,-0.51623,0.37398,0.6116,0.49789,0.088,0.97865,-0.63994,1.6527,-0.63272,0.39731,0.95771,-0.14575,0.42304,0.2413,-0.97959,0.88287,0.22888,0.49298,-0.50766,-0.33883,-0.11586,-0.86903,1.7004,2.0568
-0.60834,-0.9243,0.2041,1.168,1.0863,0.29231,-0.48576,-0.1253,-0.97754,-0.48934,0.17262,-0.56885,0.30188,-0.47002,-0.4368,-0.22483,-0.42746,0.43132,-0.16651,0.30439,-0.12538,-0.21627,-0.22693,-0.12535,-0.012979,0.12819,-1.3589,-0.94627,1.5761,-0.32289,1.2878,1.3537,1.4804,0.75528,0.21557,-0.34532,-0.32553,-0.019479,-0.20818,1.0169,0.71774,-0.21024,-1.4362,0.12858,-1.2561,-0.055662,0.17327,-0.055662,-0.087235,-0.064709,-0.14093,-0.2762,-0.55827,-0.40204,-0.085252,-0.15363,0.79627,0.48635,0.35555,0.016472,0.6055,-0.2322,-0.26765,0.39551,2.152,-0.26822,0.0582,-0.23174,0.73196,1.0635,-0.81938,1.5591,-0.34727,0.47582,-0.23214,-0.083585,-0.27768,-0.37416,-0.58375,-0.1515,0.35109,1.4248,-1.5762,0.85591,0.92772,-0.1481,0.37309,0.3389
-0.30717,-0.73469,-0.15201,0.2056,0.4808,0.20844,-0.4477,0.34928,1.1549,-0.41029,-0.90109,-0.70177,-0.14972,-0.023329,-0.63173,-0.17955,-0.61445,0.3891,0.3907,-0.0075006,-0.12538,-0.21627,-0.22693,-0.12535,0.91192,0.79891,-0.76527,-0.53568,0.90668,-0.70666,1.0008,1.179,1.0918,1.3852,0.8357,-0.74257,0.5894,-0.81261,-1.8826,1.559,1.2011,0.54466,1.2445,0.55598,-0.032933,0.062734,0.1771,0.062734,0.029333,0.12957,-0.106,-0.53967,0.7179,0.41653,-0.072616,0.2366,0.65833,-0.46166,0.43508,0.11584,0.59637,-0.28634,-0.321,-0.62672,-0.51623,-0.81764,0.32273,-0.46773,1.2102,1.49,0.0016612,1.1902,0.066529,0.080778,-1.0347,-0.23374,0.17196,-0.2727,0.19149,-1.3298,-0.36679,-0.23363,0.35399,1.6542,1.6045,-0.88107,-0.34803,-0.34558
-0.36701,-0.38199,-0.15759,-0.57629,0.059754,0.30025,-0.35308,1.3995,-0.41797,-0.21377,-0.35082,-0.12683,-0.31925,-0.62162,-0.22183,0.20251,-0.21128,0.46781,0.98832,1.6474,-0.12538,-0.21627,-0.22693,-0.12535,1.115,-0.26892,-0.55266,-0.61083,0.52515,-0.58909,0.87432,1.0727,1.1746,0.75992,1.2259,-0.28929,-0.65973,-0.40305,-2.1457,1.4432,0.98215,-0.36892,-0.96809,0.93953,0.24267,-0.21251,0.17595,-0.21251,-0.2479,-0.10643,-0.32585,-0.66,1.1322,-0.010615,-0.056031,0.1616,-0.9279,-0.46166,0.17739,0.040074,0.19242,-0.097674,-0.092722,-0.62672,-0.51623,0.072914,-0.23488,0.59006,-0.020018,-0.022362,-0.7048,1.1858,-0.42367,0.37723,-0.45845,-0.78031,0.68453,0.46275,0.72246,-0.62247,0.70652,0.54614,-0.59353,1.5396,0.86167,-1.6725,1.0281,1.1537
0.67034,-0.36056,-0.017499,-0.93717,0.63062,0.49433,-0.43246,0.81159,-0.31335,-0.37863,-0.081712,-0.5682,1.1047,-0.62629,-0.51463,-0.34502,-0.53822,0.067931,0.43729,1.0491,-0.12538,-0.21627,-0.22693,-0.12535,-1.0407,0.17897,-0.24811,-0.23219,0.22288,-0.093649,0.89699,1.7928,1.0511,0.85415,0.064908,-0.67782,-0.22603,-0.63636,-0.74461,0.98232,0.85628,-0.2249,0.69342,0.21307,1.281,0.44427,0.14447,0.44427,0.44457,0.22364,0.28936,0.68425,-0.88946,0.11554,-0.11016,0.99553,0.46799,0.32835,0.36533,0.10865,0.78978,-0.2845,-0.32817,-0.62672,-0.51623,-0.28356,0.065513,-0.48707,0.96099,0.042843,0.48545,1.4149,-0.27602,0.091419,-0.24439,-0.75207,-0.26353,-0.31677,0.83272,0.27808,-0.25388,-0.11329,0.28797,1.1055,0.074075,-0.011359,0.13874,0.23316
0.13215,-0.15699,0.22983,-1.1176,-0.14221,0.37654,-0.42725,-0.75626,-0.22547,-0.11897,0.8566,-0.45056,0.22294,-0.11648,0.12374,-0.71889,0.12515,0.21382,0.97624,1.057,-0.12538,-0.21627,-0.22693,-0.12535,1.1728,0.23658,-0.18313,-0.11294,-0.51769,0.051333,0.82262,1.006,0.55024,1.2746,0.76041,-0.14529,0.28305,-0.20506,-0.3065,1.5059,0.93857,-0.083575,-1.2382,-0.17948,0.72938,0.1424,0.17684,0.1424,0.11003,0.1983,0.012305,-0.44069,0.97686,0.39152,-0.068756,0.43075,0.68771,-0.30366,0.20673,0.302,0.42935,0.1832,0.29947,-0.62672,-0.51623,-0.77863,0.23166,0.7017,0.65495,-0.3107,-0.84866,0.92268,0.67756,-0.72179,-0.14933,0.267,0.51908,0.090164,-1.301,-0.32342,0.094901,-0.43243,0.34795,1.2235,0.86094,-1.7778,0.89335,1.0205
0.055345,0.82954,0.19388,-0.034962,0.12488,0.27535,-0.15141,-0.54594,0.90263,0.20511,0.53361,0.10186,2.3947,0.34344,0.064508,-0.020771,0.05859,-0.57984,1.0658,-0.74166,-0.12538,-0.21627,-0.22693,-0.12535,-0.012979,0.34428,-0.12582,-0.22394,0.16137,0.46491,0.71286,1.1459,0.59564,1.2688,0.94496,0.36242,-0.23347,-0.64773,-0.50206,1.8666,1.2271,0.19163,0.25554,0.12972,2.2393,0.014087,0.16974,0.014087,-0.013955,-0.023266,0.040319,-0.20522,-0.15859,-0.63234,-0.10526,-0.16933,0.9374,0.64435,0.44275,0.84122,0.38702,0.18477,0.24239,-0.62672,-0.51623,0.63902,0.44293,1.3453,-1.1507,-2.0577,0.00072295,1.1282,0.42994,-0.60226,-0.35834,-0.45886,0.80876,1.2422,-1.5215,-0.53672,0.3693,-0.61484,0.78333,1.7303,0.92214,0.11291,-0.31637,-0.16173
0.29051,0.068013,0.35504,-0.2154,0.17174,0.79522,-0.23897,0.96837,0.063274,0.023235,1.1292,-0.18505,1.1811,-0.45558,-0.42732,-0.21936,-0.40548,0.50854,0.40008,0.76234,-0.12538,-0.21627,-0.22693,-0.12535,-0.68973,0.18043,0.0026151,0.055384,-0.63357,-0.4457,0.53313,0.53181,0.84199,0.38167,0.14722,-0.57742,0.18765,-0.27699,-0.35357,-0.59713,-0.26482,0.35208,-0.68015,0.41026,-0.60365,0.57389,0.16052,0.57389,0.56062,0.51546,0.45292,0.53477,-0.19766,-0.34829,-0.17016,-1.4002,0.46385,1.4344,0.16792,0.71347,0.25175,-0.39118,-0.48068,-0.62672,-0.51623,-0.30402,0.20063,0.94772,-0.96905,0.19775,-0.44813,0.69416,0.098729,-0.50073,0.012101,-0.29404,-0.042608,-0.10051,-1.4998,-0.26811,-0.81328,-1.0796,1.0625,-0.2569,0.57095,0.21282,-0.15908,-0.22199
-0.88399,2.066,-0.087545,1.0477,0.12187,-0.2818,0.33156,1.5654,2.8437,1.2082,0.33229,0.27514,0.78955,0.716,0.69256,-0.26341,0.70139,-0.063238,1.0919,-2.1688,-0.12538,-0.21627,-0.22693,-0.12535,-0.88553,0.28048,-1.2802,-0.82345,1.5551,1.1902,-0.85393,-0.84648,-1.3886,-0.74748,0.064405,-0.099527,0.36809,0.27256,-1.3404,-0.46443,-0.87894,-0.05014,-1.5339,1.2529,-0.29219,0.21772,0.17025,0.21772,0.19156,0.22753,0.20705,-0.061633,0.1442,-0.41519,-0.12807,-0.95349,0.68771,0.64435,0.85744,1.858,0.97223,0.34478,0.4405,-0.013383,2.0886,-0.61555,-0.52704,-0.71234,-1.2464,-2.0672,-0.52198,-0.89054,-1.1356,1.4805,-0.40019,-0.20601,0.036356,-0.15431,0.42332,0.75748,-0.75494,0.58388,-0.75988,-0.41998,-0.42373,-0.65446,-1.3463,-1.3537
-0.10304,-0.15699,0.073932,-1.1176,-1.3553,0.55403,-0.33407,0.76547,-0.33777,-0.17427,-1.5262,0.023137,-0.74437,0.16876,-0.12814,0.46545,-0.10844,-0.32278,0.43892,-1.7088,-0.12538,-0.21627,-0.22693,-0.12535,-0.27724,0.26247,-0.0039969,-0.12133,-0.58529,0.52146,-1.2635,-1.1353,-0.9663,-0.74875,-0.041239,-0.62471,-0.87929,-0.32512,0.56702,-1.7062,-0.96826,-1.266,-0.60144,0.9214,0.095516,-1.6864,-0.22147,-1.6864,-1.5057,-2.8413,-0.15985,-0.52097,-0.35451,-0.29616,0.094138,2.3249,0.54503,-1.8837,0.064623,0.27836,0.30544,0.030455,0.10915,0.39551,-0.1587,1.0213,0.34565,0.55192,-0.99763,-0.57276,-1.1469,-1.0207,-1.4742,1.6292,-0.52273,0.36004,-0.16836,-0.46532,-0.49914,0.17166,-1.1331,2.812,-2.5276,-1.4714,-2.4487,1.7204,-1.3087,-1.0961
1.7375,0.74982,0.27105,0.44624,0.87041,0.14329,-0.48878,0.96837,-0.99025,-0.4956,-0.87941,-0.72975,-1.4175,-0.6938,0.1537,-0.049613,0.16503,-0.18194,1.0384,-1.4291,-0.12538,-0.21627,-0.22693,-0.12535,0.50086,-0.050129,0.28584,-0.01108,0.0084217,-0.18194,-1.0966,-1.3417,-0.93452,-0.064073,1.0655,0.59444,-0.25945,-1.4925,0.69573,-0.0705,-0.33363,0.29774,-0.096995,0.4533,-0.83593,0.10031,0.17586,0.10031,0.068298,0.13002,-0.00097876,-0.36986,-0.49923,-0.48661,-0.16005,0.70605,0.50612,0.32835,0.57603,0.82987,0.68241,-0.15912,-0.19958,0.31573,0.24837,-0.52788,0.52406,-0.47021,0.2758,-0.092697,-1.1469,-1.3451,-1.2796,1.3276,-1.3524,-1.0183,1.288,0.7532,0.23908,0.065275,-1.6457,1.0913,-0.39142,-0.066338,-1.536,1.8988,-0.74055,-0.7644
0.0037452,-0.27253,0.25896,-0.93717,0.2124,0.36009,-0.4477,-0.97736,-0.32407,-0.16752,-1.2806,0.014051,-0.30823,0.065935,0.16045,0.0028025,0.15029,-0.79484,0.29529,-0.83017,-0.12538,-0.21627,-0.22693,-0.12535,-0.47543,0.099862,-0.13657,-0.24246,0.016439,0.36062,-1.0378,-1.3769,-0.99568,-0.72157,0.12874,0.070592,-0.61589,-0.62225,0.49663,0.12278,0.21986,0.69731,-2.2128,-0.70694,-0.31598,-0.059798,0.17409,-0.059798,-0.092066,-0.074934,-0.23665,-0.32179,-0.99126,-0.37847,-0.055528,0.64712,0.7785,0.32835,-0.20239,-0.066415,-0.33399,-0.14013,-0.15437,-0.62672,-0.51623,-0.72984,0.041253,-0.17601,-0.64823,-0.75225,-1.1469,-1.2027,-0.98674,0.89467,-1.0302,-0.21704,0.49329,-0.46208,-0.45339,0.71024,-0.20693,0.97275,-0.79503,0.31849,1.3073,0.86547,-0.51107,-0.53534
-1.9613,-0.26126,-3.8827,0.68681,1.0033,-3.5484,-0.20094,3.8561,0.22368,0.10223,1.1465,9.1945,1.8035,4.4373,7.8191,6.4249,7.83,-8.3281,-0.69249,-0.58651,-0.12538,0.91501,1.1483,-0.12535,-1.2742,2.1206,1.7547,1.5111,-1.3288,2.4563,-3.012,-3.5268,-2.9014,-1.5706,3.4258,2.7991,3.0686,-0.27264,3.6379,0.016738,-0.30976,0.053537,0.33554,1.2068,-0.52828,0.031701,0.17525,0.031701,-0.00053702,0.059634,-0.10075,-0.33169,-0.14778,-0.77703,-0.11386,-0.41855,0.9566,0.96035,-9.4254,-2.3846,-7.4418,8.2385,6.2029,-0.013383,-0.043328,0.45911,1.8207,1.5129,-1.9407,-1.423,0.79119,-3.0994,-0.95592,0.48439,-0.19026,-0.45681,3.624,2.7137,-0.26781,2.5514,-0.43338,2.6729,-2.7859,-0.30422,0.22026,0.62218,-0.88851,-0.61513
0.22117,-0.67833,0.77656,0.68681,0.46762,0.19556,-0.41394,0.64751,-0.22547,-0.34016,0.80226,0.12534,-1.0728,-0.20847,-0.28789,-0.1535,-0.29642,0.20787,0.20041,-0.8926,-0.12538,-0.21627,-0.22693,-0.12535,-0.43338,-0.66577,0.41552,0.21392,-0.78806,1.611,-1.988,-1.9052,-1.8595,-1.2378,-0.14018,0.05248,-0.29588,-0.27659,1.1991,-1.3428,-1.1986,-0.32307,-0.70993,1.7612,0.14173,0.12613,0.16355,0.12613,0.10466,0.019291,0.045493,0.0997,-0.53203,-0.68005,-0.11721,-0.34221,0.54503,1.2764,-0.15435,-0.69428,-0.57643,-0.21352,-0.21276,1.2133,-0.064748,-0.99415,-0.41576,-0.063101,-1.0285,-0.54761,-0.86296,-1.7866,-1.1087,1.2101,-0.10495,-0.35832,0.23878,-0.73596,-0.1913,1.9886,-0.8364,1.4785,-1.3099,-1.3919,-1.3176,-0.82406,-0.56315,-0.5193
-0.3704,-0.67833,0.061224,-0.75673,0.96283,-0.038718,-0.52044,1.4497,-0.67462,-0.34016,0.45805,-0.056068,-1.2672,-0.55822,0.31682,0.46294,0.33521,0.29514,0.51034,-0.64312,-0.12538,-0.21627,-0.22693,-0.12535,-0.43338,-0.41517,-1.0065,-0.61192,1.1045,0.23965,-0.93872,-0.82189,-0.99688,-0.86935,-0.69339,-0.46558,-0.24514,0.11247,-0.31083,0.18102,-0.60281,0.7449,-1.2625,0.50269,-0.80832,0.3498,0.17489,0.3498,0.32123,0.36872,0.23113,-0.071579,-0.46138,-0.16596,-0.084587,0.091249,0.81255,0.64435,0.061013,-0.84029,-0.26981,-0.0094982,0.090136,0.8044,-0.32249,0.14757,-0.61852,-0.52295,-0.42467,0.46709,2.3264,-1.0195,-0.91372,0.80945,0.0055985,-0.70093,-0.62704,-1.129,0.81367,-0.36634,0.30623,0.54752,-0.33449,-0.11207,0.56296,0.43158,-0.5225,-0.57464
-0.05377,-1.0863,0.23479,-1.1898,-0.15388,0.52571,-0.49914,0.68093,-1.0339,-0.51712,1.0676,-0.11895,-0.21133,-0.87895,-0.076135,-0.31996,-0.10956,-0.21146,0.30741,-0.78632,-0.12538,-0.21627,-0.22693,-0.12535,0.55328,-0.7622,0.15059,-0.039248,-0.51769,0.13069,-0.85611,-1.1229,-0.59874,-1.0521,-1.0325,0.69194,-0.33975,-0.10866,0.3785,-0.58578,-1.2687,-2.4013,-1.1322,0.49265,-0.80529,0.33948,0.13721,0.33948,0.34707,0.16777,0.031766,1.111,-1.5536,0.49191,-0.14698,0.024667,0.43802,0.48635,-0.36606,-1.5642,-0.43801,-0.3655,-0.44946,2.6444,0.12055,-0.93001,-0.65944,-1.4403,0.21559,0.55737,-0.68499,-0.96791,-1.0091,1.2677,-1.0365,-1.0505,-0.35988,1.8193,-0.1829,1.368,-0.7722,0.82558,-0.87282,-1.0932,-0.8186,0.44161,0.068654,0.057548
0.042325,-0.7677,0.050996,-1.1176,0.35545,0.013917,-0.43246,0.41963,-0.31335,-0.37863,-0.75447,-0.09772,-0.00080091,0.19708,-0.54851,-0.16413,-0.53815,0.45488,0.73199,-1.3287,-0.12538,-0.21627,-0.22693,-0.12535,1.0147,-0.19111,-0.31013,-0.26416,-0.041619,0.44771,-1.037,-1.1975,-1.1211,-0.42467,-1.1106,0.36469,-0.94636,0.85311,-1.3231,-1.5544,-1.4901,-0.38135,-0.69884,0.048233,0.478,0.55484,0.12238,0.55484,0.57865,0.23202,0.20494,1.0884,-1.2596,1.4544,-0.10092,0.6198,0.02188,-0.61966,-0.23017,-0.57651,-0.66529,-0.27202,-0.32426,-0.62672,-0.51623,1.3053,-0.36269,-0.62415,-0.25525,0.61143,-0.89126,-1.1356,-0.74151,0.81254,-0.82083,-0.17696,-0.36726,1.4273,-0.38889,1.0236,-0.19016,0.67474,-0.7565,-1.8381,-1.733,0.089166,-1.1097,-1.1059
0.049328,0.18963,-0.06058,-0.75673,1.6222,0.3713,-0.33082,-0.53514,0.66187,0.075253,-0.14208,0.061091,-0.52668,0.27079,-0.12826,0.25934,-0.12958,0.37756,1.2019,-1.6791,-0.12538,-0.21627,-0.22693,-0.12535,1.3744,-0.46062,0.55017,0.64989,-1.4673,0.77103,-0.95777,-1.4749,-1.2648,-0.31311,-0.22428,-0.5386,-0.16207,-0.74078,0.57464,-2.604,-2.738,-0.70873,-0.41482,-0.99973,-0.46666,-0.12686,0.17661,-0.12686,-0.16184,-0.097248,-0.25893,-0.61597,-0.10092,-0.20897,-0.10597,0.081168,0.2409,-0.14566,0.023004,0.47228,-0.17891,0.061665,0.13809,0.59996,-0.34373,-0.80352,-0.57041,0.49953,-1.3235,-0.4369,-1.1469,-1.3078,-1.2861,1.4296,-0.55947,-0.70724,-0.2397,-0.67215,0.34152,0.75279,-0.68519,1.7822,-1.7039,-2.3623,-2.3494,-0.14212,-1.0165,-1.1229
0.2442,-0.48584,0.22673,-0.90108,1.7311,0.25591,-0.37431,0.71599,-0.037462,-0.25785,0.8946,0.32814,-0.46925,1.5682,-0.14145,-0.29974,-0.12874,0.33717,1.0737,-0.058782,-0.12538,-0.21627,-0.22693,-0.12535,0.86788,-0.29069,0.32678,-0.094807,-0.12158,0.77969,-1.4065,-1.7727,-1.288,-0.80779,-0.67228,0.34381,-0.38458,-0.69526,-1.1141,-1.2071,-1.2343,-0.22361,-0.16804,-0.1789,-0.29412,0.41284,0.13834,0.41284,0.41996,0.22546,0.16414,1.0344,-1.503,0.99161,-0.10551,1.2331,0.33102,0.012344,-0.0062797,0.043531,-0.55503,-0.16217,-0.19904,0.47426,0.93956,0.47078,-0.1833,-0.64855,0.30195,-0.2578,-1.1469,-1.4743,-1.0815,1.2856,-0.50484,-0.96439,-0.18726,0.21239,-0.42765,0.21389,-1.3469,1.0682,-0.9636,-1.1128,-0.50841,0.34718,-0.8346,-0.9358
0.076632,-1.0863,0.084779,-1.0454,1.2053,0.11009,-0.49914,-0.75626,-0.62971,-0.51712,1.3759,0.99546,-0.55043,-0.32236,0.073059,-0.41379,0.077124,-0.074632,0.90403,-0.17741,-0.12538,-0.21627,-0.22693,-0.12535,-0.57924,-0.80257,0.69148,0.51119,-0.76102,0.91379,-0.88942,-0.74859,-1.1365,-0.093973,-0.22533,-0.05349,-0.066395,0.15484,1.9463,-0.74037,-1.4018,-1.2155,0.0041736,1.1086,-0.2339,-0.15071,0.17417,-0.15071,-0.18407,-0.18389,-0.17482,-0.52363,-0.15859,-0.71522,-0.10959,-0.76621,0.68771,0.64435,0.058706,-0.52508,-1.0396,-0.034884,-0.042402,0.47637,0.21136,-1.023,-0.98779,-1.5397,0.0012872,-0.40689,-1.0638,-0.9613,-1.1466,1.3151,-1.0661,-0.90367,-0.077076,0.17449,0.56837,1.3137,-0.20462,1.3451,-1.1583,-0.93857,-0.73792,-0.50163,-0.85822,-0.82125
1.1655,-0.58449,0.32622,0.68681,0.68144,0.35608,3.0909,0.47563,-1.0523,-0.52616,-2.148,-0.7981,-0.8807,-0.22823,0.27051,0.084248,0.26177,-0.29283,0.24223,0.20993,-0.12538,-0.21627,-0.22693,-0.12535,-0.22807,-0.28889,0.66029,0.28726,-0.73891,0.4058,-1.1983,-1.6925,-1.1324,-0.84202,0.36888,0.73984,-0.66733,-0.86832,0.25438,-1.2222,-1.7966,-0.060693,-0.48028,0.097365,-1.1459,0.61358,0.14184,0.61358,0.62066,0.472,0.41715,1.2744,-1.5681,0.6283,-0.1498,-2.0454,0.58783,0.64435,0.564,0.47982,0.6853,0.43578,0.6162,1.6245,-0.081466,-0.61216,-0.17307,-1.8658,1.0308,0.50419,-1.1469,-1.4847,-1.0355,1.1756,-0.71781,-1.2191,0.56981,1.917,0.091976,0.14865,-0.14402,0.87974,-0.83087,-1.414,-0.29476,0.2852,-0.86043,-1.0306
-0.22907,-0.15699,0.03271,-0.39585,0.1309,0.53831,-0.28565,0.88625,-0.13359,-0.073715,-0.033654,0.5795,0.65191,1.9866,0.42467,-0.37858,0.41553,0.34458,1.7275,0.077319,-0.12538,-0.21627,-0.22693,-0.12535,-0.65826,-0.0047481,0.41095,0.0045717,-0.46239,1.0025,-1.3299,-1.1242,-1.2016,-0.34843,-0.0079227,0.89661,-0.60724,-1.361,0.41265,-1.4654,0.62043,-0.3846,0.61372,0.66706,-1.2547,0.52857,0.17573,0.52857,0.50118,0.5363,0.44531,-0.033902,-0.55827,0.17262,-0.079356,-0.16694,0.79627,0.48635,-0.347,-0.22891,-0.96029,-0.12124,-0.15041,0.39551,0.44585,-0.56243,-0.32425,-0.10113,-0.48461,-0.84335,-1.1469,-1.2161,-0.7291,0.76442,-0.84711,-0.35532,0.66135,0.48621,-0.60039,0.75452,-0.26757,1.2479,-0.90224,-0.75546,0.31815,1.6776,1.6932,1.826
0.82795,-0.034843,-0.12071,-0.93717,0.65603,0.54078,-0.40575,-0.057076,0.91468,-0.32315,0.30922,-0.22324,-0.60474,-0.26738,0.28652,0.2355,0.2831,-0.83557,0.22677,-0.42793,-0.12538,-0.21627,-0.22693,-0.12535,1.4474,0.32323,0.16664,-0.11945,-0.4553,0.7394,-0.54347,-1.0455,-1.0608,-1.3157,0.13061,-1.12,0.86525,-0.54555,1.3677,0.061707,0.50567,0.1739,0.51568,1.4341,1.2844,0.23713,0.17626,0.23713,0.20623,0.27207,0.089372,-0.28626,-0.52513,0.70628,-0.063379,0.37997,-1.6329,-0.46166,0.2678,0.69632,0.30189,0.061197,0.11236,1.2133,0.52361,-0.55604,-0.019247,0.10397,-0.42072,-1.087,2.2241,-0.96286,-1.6646,1.847,-1.0045,0.014863,-0.28394,-0.73623,0.13996,0.55185,-0.47363,2.6734,-2.3278,0.10922,1.2007,0.21476,-1.6569,-1.5995
1.8676,0.068013,0.64111,-0.75673,-0.62009,0.83272,-0.35308,-0.75626,1.507,-0.21377,0.75923,-0.020044,-1.049,0.66612,-0.56158,-0.7864,-0.56209,0.54491,0.73317,0.49005,-0.12538,-0.21627,-0.22693,-0.12535,1.115,-0.028905,1.6746,1.5531,-1.5026,0.99776,-1.37,-1.7108,-1.7756,-0.28806,-0.32741,-1.0136,-0.41344,-1.8349,0.91474,-2.8518,-2.5347,0.32249,0.44671,0.16377,-0.48626,0.30601,-0.19228,0.30601,0.4975,0.73285,0.81461,1.1693,1.2823,-0.40495,-0.1697,-1.6853,-1.3959,0.48635,0.36664,1.0423,0.25917,-0.13821,-0.078036,-0.013383,2.5103,0.75236,0.068279,-0.60611,-0.1921,1.1097,-1.1469,-1.6969,-0.80534,0.51842,-0.39632,-0.012496,-0.6984,-0.64539,-0.9126,1.9576,-1.1475,1.0886,-0.77042,-2.5976,-2.0698,1.7111,-0.9417,-1.0995
-0.78878,2.6092,-0.06399,0.54245,1.3976,0.027677,-0.56884,1.0335,3.8169,1.8718,0.72433,1.0285,-1.5653,2.1848,-0.1236,-0.39113,-0.10713,0.053824,1.0068,1.3264,-0.12538,-0.21627,-0.22693,-0.12535,1.0147,-2.5412,-0.87132,-0.65531,1.252,1.3007,-0.63711,-0.77498,-1.4511,-0.74902,-0.37425,-0.49561,-0.65013,-0.60966,0.85781,0.6179,-0.090043,1.1693,0.39846,1.1474,0.94684,0.80834,0.17481,0.80834,0.78467,0.90527,0.78935,0.16666,1.6418,-0.97268,-0.1479,0.14581,0.64231,1.1184,0.96444,2.4871,1.0541,-0.28263,-0.34981,-0.62672,-0.51623,-1.0664,-1.9272,-1.7233,-0.35955,-2.4557,2.7901,-0.69875,-0.24062,-0.39441,2.7994,-0.71122,-0.52692,-0.43411,-0.5149,1.0851,-0.42572,-0.94508,1.8212,0.80803,0.71494,0.24413,-1.3291,-1.363
0.044044,-0.27253,0.36093,1.8898,1.0807,-0.51914,-0.4477,-0.092932,-0.32407,-0.16752,0.61692,0.75608,-1.0277,-0.19598,-0.49935,-0.69541,-0.52344,-0.036686,-0.93632,-0.38244,-0.12538,-0.21627,-0.22693,-0.12535,0.44947,-0.95273,-0.04476,-0.080132,-0.57704,0.19294,-0.36178,-0.47969,-0.46372,-1.4447,-0.1189,-1.1742,-0.033842,-0.67025,0.91761,-1.0468,-1.0488,-0.95744,0.47576,-0.6473,-1.5058,0.37981,0.17324,0.37981,0.35293,0.4212,0.37173,-0.036933,0.35727,-0.30809,-0.085228,0.31064,0.34814,0.80235,-0.61743,-1.1063,-0.74004,-0.71054,-0.94085,-0.62672,-0.51623,-0.64635,-0.73195,0.067941,-2.0429,0.94581,2.408,-0.39344,-0.58725,0.81447,0.45857,-0.68387,-0.5231,-0.55463,-1.0264,1.5085,-0.98801,-0.96414,0.8394,-0.90344,-1.226,0.42314,2.1856,2.0177
-0.39242,1.868,-0.25708,0.2056,1.3084,-0.029909,-0.23897,-0.75626,-0.41797,-0.21377,-0.72083,-0.25975,-1.2861,-0.92772,-0.28709,-0.036241,-0.27845,0.58993,-1.8428,0.062762,-0.12538,-0.21627,-0.22693,-0.12535,-0.68973,-1.1518,0.29191,0.38679,-1.5026,0.73525,-1.391,-1.2096,-1.1511,-1.9537,0.030782,-0.061418,-0.061298,0.98188,0.51789,-0.042043,0.22016,1.3666,2.2229,-1.3333,-1.0409,-0.056255,-0.0071651,-0.056255,0.015546,0.46725,0.42428,-0.12591,1.5466,-0.64798,-0.28333,0.19923,-1.6329,-0.46166,-0.32103,-1.088,-0.39844,-0.18612,-0.11395,-0.42228,-0.24647,1.5227,-1.5202,-0.58062,-1.275,-0.31526,-0.72862,-1.2979,0.22214,-0.060619,0.67502,-1.1808,-0.29698,0.12158,-0.84799,1.8894,0.35152,-1.0729,1.1612,0.21045,-0.54907,1.7894,-0.51414,-0.5522
0.081713,-0.38199,0.25121,-1.1176,0.74751,0.21711,-0.35308,-1.1874,-0.41797,-0.21377,0.38921,0.49258,-0.36748,0.60263,-0.27316,-0.26271,-0.25054,-0.066918,-1.683,0.45043,-0.12538,-0.21627,-0.22693,-0.12535,-0.23856,-1.7076,-0.19463,-0.30394,0.23547,0.84103,-0.91904,-0.90257,-1.1148,-1.0944,-0.88023,-0.8357,1.0648,-0.66262,0.63455,-0.18298,-0.67672,-1.2128,1.1683,-0.053801,0.084351,0.56123,0.12096,0.56123,0.58884,0.23691,0.34244,1.4709,-1.503,1.3162,-0.13415,0.12567,0.47369,0.012344,-1.0384,-1.3772,-0.93837,-0.2873,-0.32528,0.60562,0.081885,-0.67894,-1.4791,-1.2832,-0.83894,0.11713,-1.1469,-1.0071,-0.11762,0.17018,1.0839,-1.0233,-0.67858,-0.94293,0.43664,1.8539,-0.72757,-1.1329,1.1652,-0.33803,-0.3795,0.11993,0.13675,0.14946
-2.0716,0.79302,-3.8867,-0.75673,0.81451,-4.0866,-0.30744,-0.75626,-0.22547,-0.11897,1.2461,1.5673,-0.46522,0.078984,2.0141,1.634,2.0559,-1.2062,-1.7404,-1.037,-0.12538,3.4943,5.7696,-0.12535,-0.25012,1.5411,1.937,1.8272,-1.7343,1.5834,-0.516,-0.12585,-0.9373,-1.843,2.0679,2.0041,1.5192,3.7518,0.73297,-2.1293,-1.6336,1.7235,0.2591,0.087683,4.5422,-0.31391,0.0099503,-0.31391,-0.26107,0.06303,0.056673,-0.33381,1.6186,-1.5144,-0.36961,0.35679,-1.6665,0.17035,-1.6381,-1.0917,-1.3605,2.0377,2.5143,-0.62672,-0.51623,-0.25215,0.88558,-1.9019,1.6454,-1.6459,1.7324,-0.28851,0.59593,-0.7375,3.4254,-0.59902,2.1215,2.3564,-0.43282,1.5756,3.8957,-1.5145,1.8634,-1.9075,0.18401,0.57326,-0.056412,-0.02025
-0.21757,-0.67833,0.11918,0.32592,1.0008,0.043474,-0.41394,-0.15464,-0.22547,-0.34016,0.45805,1.0809,-1.1545,-0.55294,-0.17515,-0.16602,-0.19779,-0.36405,-0.55372,0.78293,-0.12538,-0.21627,-0.22693,-0.12535,1.2483,-1.5909,0.22611,0.096796,-0.51769,-0.19766,-0.57427,-0.56401,-0.63087,-0.53739,-0.73763,0.18038,0.13624,-0.20378,-0.22143,-0.22845,-0.36114,0.005438,-0.20661,0.61518,-0.5166,0.35374,0.16497,0.35374,0.3337,0.30533,0.33142,0.20979,-0.14778,-0.20944,-0.096817,-0.1742,0.61088,0.96035,-0.94732,-1.8803,-1.1705,-0.078029,-0.042133,0.60374,-0.36968,-1.1402,-1.4868,-0.34443,-1.2618,-0.46612,2.6566,-0.75795,-0.17136,0.32859,0.98171,-0.73746,-0.39557,-0.61088,0.18517,1.8007,-0.31265,0.55747,-0.54397,-0.29105,-0.28539,0.55491,-1.2499,-1.0417
0.88475,-0.27253,1.4903,2.8521,0.96622,-0.094484,-0.33082,0.34928,-0.32407,-0.16752,0.23742,0.4933,-1.2965,1.3767,-0.4222,0.14824,-0.42457,0.24317,-0.19611,0.88859,-0.12538,-0.21627,-0.22693,-0.12535,0.91192,-1.4117,-0.39109,-0.49183,0.31319,-0.17869,-0.58963,-0.92817,-0.40079,-1.2169,-1.0462,-0.24398,-1.4516,-1.1474,-0.4136,-0.33134,-0.80967,-0.74155,-0.15398,-0.85914,-0.52538,0.43384,0.16951,0.43384,0.41081,0.35993,0.47442,0.18847,-0.40082,-0.37062,-0.087555,-0.002811,0.54503,1.2764,-0.16849,-0.034154,-0.11499,-0.30565,-0.35643,1.4406,-0.23271,-0.94617,-0.63124,-0.59816,-1.0027,0.77516,1.4701,-0.68001,-0.23824,0.19455,1.542,-2.0621,-0.49992,-0.90589,-1.0862,0.25534,-1.4711,-0.37314,0.16814,-0.46178,0.16249,-0.087188,2.844,2.5224
-0.21416,-1.6338,-0.30202,3.3333,1.1337,-0.2877,-0.61611,1.2104,-1.5273,-0.76006,0.077617,0.06873,-1.3482,-1.2693,-0.054451,-0.19785,-0.03196,0.13207,-1.0369,0.53498,-0.12538,-0.21627,-0.22693,-0.12535,-1.9266,-1.2928,-0.21969,-0.2163,0.14218,0.18524,-0.4773,-0.25845,-0.58795,-0.99858,-0.62652,-1.0708,0.19663,0.26615,-0.24826,-0.46321,-0.00038983,0.084705,0.33625,-0.44032,-1.0846,0.61662,0.16641,0.61662,0.59843,0.55032,0.69812,0.44179,-0.35451,-0.56123,-0.1362,-1.1616,0.53166,1.9084,-0.17897,-2.6462,-0.011225,-0.21462,-0.21527,4.0755,-0.30124,-0.97981,-1.3622,-1.1711,-0.77791,0.69464,2.1084,-0.45046,-0.86333,1.2029,1.5063,-0.23282,-1.2281,-1.354,-0.48042,0.80969,0.16789,0.58924,-0.88698,-0.32403,-0.51557,-0.24561,-0.72022,-0.71389
-0.6242,-0.7146,-0.099632,-1.2379,0.88829,-0.04447,-0.40329,1.3995,-0.22547,-0.31804,1.3759,1.6913,-0.69518,0.50971,-0.3708,-0.36503,-0.39111,0.29902,-1.3645,0.89143,-0.12538,-0.21627,-0.22693,-0.12535,0.93079,-1.3436,-0.76087,-0.61056,0.69896,0.18401,-0.15001,0.018924,-0.49653,-1.1918,-1.4004,-0.73322,0.14945,-0.30578,0.52632,-0.51849,-0.43961,0.11468,0.092726,0.29247,0.31683,0.62912,0.167,0.62912,0.61062,0.61754,0.57069,0.4943,-0.19766,-0.258,-0.099632,-0.66688,0.87713,1.4344,-1.5667,-2.5995,-1.828,-0.30839,-0.36019,-0.62672,-0.51623,-0.68566,-1.4779,-1.0208,-1.1453,0.51229,3.1193,-0.24279,-0.20515,0.11172,0.85445,-0.37027,-1.3229,-1.7175,1.3898,1.8958,-0.46398,-0.43013,0.33851,-0.80939,-0.52285,0.015841,-0.23883,-0.18558
-0.068358,-0.93425,-0.0023124,2.8521,1.095,-0.11196,-0.46719,0.36849,-0.8992,-0.45075,0.83967,0.53021,-0.91081,0.032062,0.0084826,-0.3462,-0.020196,-0.32342,-1.2701,-0.088206,-0.12538,-0.21627,-0.22693,-0.12535,-0.20976,-0.87095,0.32729,0.012665,-0.66978,0.20887,-0.36573,-0.80257,-0.89513,-1.313,-0.47213,-0.80343,-0.69634,0.6519,1.2428,-0.84546,-1.3622,0.059279,-0.19258,-0.77069,-1.6463,0.45802,0.17012,0.45802,0.43478,0.44507,0.38851,0.23966,-0.34653,-0.36852,-0.12985,-0.67151,0.85417,1.1184,-0.51669,-2.0014,-0.86244,-0.036048,0.031356,1.0247,0.012313,-0.92664,-0.82166,-0.73461,-1.072,-0.15753,-0.57358,-0.81752,-0.36173,0.59328,0.069871,-0.75378,-0.62578,-0.94793,-0.51895,1.4996,0.29385,0.3576,-0.55994,-1.1363,0.16547,1.7845,0.37357,0.37048
0.59177,-0.36056,0.21774,-0.034962,1.468,0.57602,-0.32828,1.9875,-0.31335,-0.16224,1.6002,1.2541,-0.49139,2.6134,0.14121,-0.32175,0.079276,-0.68186,-0.63153,-0.42125,-0.12538,-0.21627,-0.22693,-0.12535,1.8368,-2.0668,0.73486,0.21668,-0.57059,1.7586,-1.2321,-1.165,-1.8062,-1.9685,-0.28484,-0.74499,0.5179,-1.7832,0.91194,-0.32082,-0.59321,-0.55582,-0.97167,0.05881,-0.54485,0.90195,0.13603,0.90195,0.9194,0.69931,0.7597,1.5865,-1.538,1.2996,-0.14284,-0.27048,0.40545,0.32835,-1.2041,-1.3085,-1.417,-0.10885,-0.10634,0.38868,0.64935,-0.86864,-1.4315,-1.4125,-1.1122,-0.51116,-1.1469,-1.2442,-0.098304,-0.067342,0.98827,-0.38991,-0.67384,-0.89146,-0.41381,1.2365,-1.4927,-1.3621,1.485,-0.34146,0.77915,0.71822,0.13771,0.21922
0.37799,-1.2506,0.29399,0.25375,0.88566,-0.30204,3.2206,-0.56464,-0.82752,-0.62725,1.047,0.087305,-1.3268,1.8394,-0.40453,-0.46957,-0.39964,0.61399,0.26379,1.0641,-0.12538,-0.21627,-0.22693,-0.12535,-0.41511,-2.1765,0.56858,0.24245,-0.36238,1.0553,-1.1749,-0.57176,-1.4374,-1.4011,-0.31394,-0.55457,0.20984,-0.98855,1.1606,-0.34757,-0.99184,0.10121,0.33846,-0.01529,-0.69141,0.66663,0.093644,0.66663,0.72799,0.38042,0.59221,2.276,-1.6063,1.2236,-0.17831,-2.7134,0.56717,1.1184,0.21199,-0.30104,0.24427,-0.17374,-0.18556,-0.013383,-0.35749,-0.95068,-1.2423,-2.6927,0.46763,-1.5016,2.9837,-0.86963,-0.84797,1.189,2.5246,-1.9859,-0.23181,-0.11523,-0.52069,1.0375,-1.2921,-1.3109,1.3442,-0.47297,0.061571,0.95534,-1.6406,-1.3817
1.0841,0.82954,0.3256,0.44624,1.3022,0.29813,2.9693,1.1366,-0.97754,-0.48934,-0.18836,-0.56692,-0.7132,0.19407,0.17178,-0.38632,0.099718,-0.39521,0.25416,-0.13455,-0.12538,-0.21627,-0.22693,-0.12535,-0.89384,-2.3398,1.7829,1.5194,-1.2533,1.0627,-1.0312,-0.8808,-1.776,-1.3346,-0.11174,-0.59977,0.58841,-1.4151,0.013725,-0.78533,-1.1575,-0.21218,-0.41577,-0.60765,-0.1132,0.68316,0.17468,0.68316,0.6583,0.72154,0.6642,0.13358,-0.0071999,0.56431,-0.085203,-2.3434,0.79627,0.32835,0.18507,-0.51597,0.14471,0.22415,0.39568,1.1141,0.26448,-0.86659,-1.6602,-1.7134,-0.46308,0.24921,-1.1469,-1.1567,0.37223,-0.16962,1.9181,-1.7223,-0.71795,-0.30719,-0.45949,1.588,0.016726,-1.2063,1.0215,-0.58754,0.25813,-0.040592,-1.1145,-1.1576
-0.071771,-1.3229,-0.029897,-1.3341,1.2117,0.026949,-0.46719,-0.006424,-0.47812,-0.24339,0.51792,0.78479,-0.45464,1.3125,0.05858,-0.3142,0.072912,-0.30933,0.5018,1.6887,-0.12538,-0.21627,-0.22693,-0.12535,0.57738,-2.1994,0.67282,0.62669,-0.92324,0.53227,-0.54305,-0.44012,-0.99503,-1.5647,-0.29418,-0.36485,-0.38759,-0.95606,0.99912,0.32193,0.092656,-1.0539,0.42175,0.48108,0.42137,0.60638,0.17452,0.60638,0.58083,0.6569,0.59019,0.048172,0.44698,0.10229,-0.11935,-0.12848,0.68771,0.64435,-0.32755,-1.3941,-1.0744,0.14047,0.25753,0.55954,0.14763,-1.0302,-1.8197,-2.1018,0.15079,-0.55713,1.5651,-0.6246,0.28551,-0.24575,2.3317,-1.7656,-0.25941,-0.271,-0.53129,1.5925,0.089837,-1.4955,1.7177,0.26569,0.053981,-0.95617,0.026311,0.060651
-0.028261,-1.012,0.27043,-0.57629,1.8027,0.21361,-0.39458,1.2969,-0.13359,-0.073715,0.67114,0.77345,-1.3879,1.916,-0.062783,-0.57383,-0.043925,-0.24244,0.23241,0.94123,-0.12538,-0.21627,-0.22693,-0.12535,0.20212,-2.4376,0.27923,-0.15009,-0.18588,0.75622,-0.94975,-0.6798,-1.1575,-0.76444,-0.41937,-0.81276,0.27557,-0.60569,-0.013573,-0.43065,-0.26569,1.0252,0.29825,-0.33916,-1.2162,1.0509,0.14302,1.0509,1.0629,0.87562,0.93483,1.5412,-1.5211,1.5445,-0.11829,0.0082443,0.36993,0.17035,-0.85435,-0.88568,-1.2403,-0.15881,-0.16558,1.2161,0.9676,-1.1789,-1.8473,-1.3888,-0.92318,-0.2112,1.0633,-0.8911,1.2815,-1.6892,1.6483,-0.78165,-0.6749,-0.43841,-0.86503,1.4051,-0.39261,-1.408,1.5786,-0.011566,1.2788,1.3091,-1.1062,-1.1156
1.6931,0.23164,1.7098,-0.93717,0.74167,0.79297,-0.35925,-0.017134,0.10228,0.042445,1.6578,1.2359,-1.1852,0.93118,1.6921,3.1175,1.7184,-0.19571,0.92966,1.0622,-0.12538,-0.21627,-0.22693,-0.12535,1.0147,-2.3191,0.405,0.062597,0.0084217,2.1559,-1.1472,-1.303,-1.5357,-0.46073,-0.29014,-0.97994,-1.2181,1.4217,-0.45799,1.4428,0.98472,-0.4716,0.38916,-0.74384,1.0189,0.5302,0.17042,0.5302,0.50742,0.56066,0.52825,0.1925,0.29559,0.041261,-0.12062,0.6087,0.68771,0.64435,-0.504,0.28294,-1.3883,0.80551,0.89524,-0.62672,-0.51623,-0.78308,-1.2854,-1.7237,-0.52117,-0.84406,-1.1469,-1.345,0.25171,-0.070669,4.6052,-0.96252,-0.50167,-0.75546,-1.4811,-0.15629,4.3551,-1.2505,1.3276,1.4985,0.73438,-2.4032,2.0963,2.073
-1.104,-1.5282,-0.15263,-0.034962,-0.58339,-0.17333,-0.76146,-0.59947,-1.7857,-1.062,-0.41809,-0.82721,-1.1999,-0.94332,-0.42963,-0.51189,-0.43014,0.33195,0.43781,0.52182,-0.12538,-0.21627,-0.22693,-0.12535,-0.67362,0.34086,-1.7301,-0.85797,2.3852,-1.1016,0.96959,0.86848,1.2527,1.6783,0.35992,0.19633,-0.32735,-0.60113,0.10962,0.21799,0.65216,-0.058339,0.5698,0.68172,0.19065,-0.22843,0.17481,-0.22843,-0.26314,-0.08981,-0.29158,-0.6687,0.59179,-0.76089,-0.12286,-1.0349,-1.5238,0.17035,0.67507,-0.49806,0.97762,-0.4187,-0.52915,-0.62672,-0.51623,-0.045164,-0.63186,-2.8318,3.4422,1.7408,0.57306,0.96714,-0.71523,1.1893,-0.054761,1.3665,0.44978,0.087192,0.27532,-0.31908,-0.72139,0.42917,-0.23534,0.31627,0.27353,-0.19427,0.61949,0.59922
-0.45451,0.094484,0.1945,-1.4785,-0.11585,0.34378,-0.25699,-0.27719,1.0511,-0.27613,0.14253,-0.27406,0.52717,-0.50394,-0.65934,-0.48774,-0.6655,0.46376,-0.49002,0.42636,-0.12538,-0.21627,-0.22693,-0.12535,0.237,0.83607,-0.75572,-0.56165,0.57089,-0.14092,0.43622,0.53195,0.66166,0.51481,0.36668,1.335,0.39533,-0.40502,-0.22578,0.23998,0.20762,-0.068746,-0.0030676,1.2661,2.0515,-0.71956,-0.032311,-0.71956,-0.65123,-0.11847,-0.30177,-0.67826,1.3986,-1.5416,-0.3552,0.45681,-1.4938,-0.14566,0.15729,0.11929,-0.114,-0.50379,-0.63471,-0.62672,-0.51623,1.9138,0.38145,0.98398,0.34073,0.81504,-1.1469,0.47336,1.2308,-1.073,-0.14849,0.38373,0.79925,1.1692,-1.3261,0.24604,0.52368,1.632,-1.7131,0.52516,0.36765,-1.1096,0.29028,0.44467
2.2566,-0.44199,1.2715,-0.034962,-0.4874,-0.062015,-0.70211,-1.2952,2.8658,4.331,-1.0908,-0.63237,-1.5903,0.30578,0.077912,0.25628,0.066545,1.4404,-0.80714,-1.8701,-0.12538,-0.21627,-0.22693,-0.12535,-0.85379,0.40795,0.30769,-0.13921,-0.08829,-1.6034,0.47253,0.33333,0.9608,0.34446,1.1586,0.54839,-1.263,0.25024,-1.0615,0.49471,0.21956,0.1646,0.83584,1.0496,0.35493,0.077619,0.17582,0.077619,0.04539,0.12458,0.0021701,-0.42273,0.17172,-0.2217,-0.12172,0.7392,-1.6593,0.012344,0.72345,1.4839,1.0001,-0.28124,-0.35289,-0.21783,1.9558,-1.0709,1.0841,0.45884,0.93282,0.658,-0.71119,0.44086,1.6147,-1.1353,-0.95042,-0.61633,0.76338,0.94731,-1.4436,-2.0579,1.0233,-1.0568,1.0259,0.36933,-0.63224,-1.2536,1.097,0.99115
-0.99103,-0.79369,0.042628,-0.2154,-0.44204,-0.071698,-0.4202,0.12365,-1.0974,-0.158,-0.63777,-0.5395,-0.12693,-0.77728,-0.51367,-0.16593,-0.48794,0.19381,-1.0501,-1.297,-0.12538,-0.21627,-0.22693,-0.12535,0.35698,0.92047,-1.2502,-0.7835,1.8202,-0.92296,0.40279,0.39612,0.69123,0.46162,0.1708,0.94236,0.61239,0.51716,0.090272,0.97029,1.205,0.18279,1.4002,-0.34527,-0.12739,-0.42907,-0.0027555,-0.42907,-0.37074,-0.024811,-0.14044,-0.27872,1.586,-1.1804,-0.31572,-0.79474,-1.6515,-0.14566,0.20141,-0.99629,0.027891,-0.33241,-0.38304,-0.013383,4.2688,2.6425,-0.49493,-0.86695,0.90587,0.15559,1.0191,0.28692,-0.16605,0.18034,-0.35737,0.81593,0.72582,0.53961,-0.2828,-0.7937,0.87694,0.73908,-0.96156,1.0926,0.31139,-0.33148,-0.5567,-0.44502
-2.3498,-0.34286,-3.6788,-0.75673,1.2066,-3.1564,-0.30744,1.0402,-0.22547,-0.11897,0.75923,1.131,0.80682,1.6376,1.9301,1.1278,1.9029,-2.5409,-2.3982,-1.803,-0.12538,1.4806,1.568,-0.12535,2.4408,0.9776,5.0055,7.0803,-2.221,1.766,2.7775,3.4221,1.5947,0.90775,2.6616,1.7614,4.1573,-0.093649,1.155,1.6451,2.5717,4.5519,-3.362,1.3414,2.9993,-0.18625,0.17522,-0.18625,-0.22078,-0.16226,-0.32609,-0.49871,-0.46138,-0.79288,-0.085009,-0.9237,0.81255,0.64435,-1.599,-1.991,-1.2739,0.99461,1.135,-0.62672,-0.51623,-0.19505,1.8229,-0.83787,3.3176,0.73648,1.5324,3.0521,0.91987,-1.7732,1.4756,2.085,2.3331,2.1202,1.1246,0.97172,1.3597,1.0378,-1.3562,2.3577,3.4778,-0.59128,0.7698,0.51271
0.57152,-0.047377,-0.042604,-0.61238,-0.4155,0.44963,-0.48576,-0.54594,0.43259,-0.48934,-0.18836,-0.32954,0.019161,-0.2081,-0.20658,-0.41928,-0.22657,0.21892,-0.11458,-0.83758,-0.12538,-0.21627,-0.22693,-0.12535,1.3083,-0.094819,-0.19092,-0.30695,0.16137,-1.242,0.58122,0.65714,0.88243,0.65167,0.26745,-0.11748,1.5071,0.26702,-0.35715,0.33296,-0.35302,0.088099,0.3505,-0.92926,-0.85249,-0.018529,0.14374,-0.018529,-0.024237,-0.23881,-0.34866,0.33207,-1.2908,0.27631,-0.1252,-0.96825,0.083207,-0.46166,0.28525,0.42528,0.69423,-0.023277,0.030583,2.0311,0.73276,0.60068,0.14679,-0.22525,0.18867,0.85088,0.59813,0.53176,-0.5563,0.5136,0.69784,1.0072,-0.015686,0.25519,0.0030731,-0.059936,0.07032,0.90458,-1.0659,0.30761,-0.20979,0.28755,-0.11785,-0.28595
-0.5821,-0.27253,-0.10986,-0.75673,0.28505,0.48356,-0.33082,-0.53514,0.1689,-0.16752,0.61692,-0.037091,1.2391,-0.0025057,-0.47002,0.19319,-0.46373,0.010231,-0.066579,-1.1885,-0.12538,-0.21627,-0.22693,-0.12535,1.3744,0.49164,-1.0983,-0.86568,1.7969,-0.30836,0.52962,0.60405,0.19251,0.59463,0.80476,-0.33067,-0.015219,-0.34286,-0.92525,0.43175,1.1789,-0.08386,1.0716,0.38763,0.1645,0.12986,0.17644,0.12986,0.097684,0.23341,0.01701,-0.45957,1.4242,-0.21391,-0.11376,-0.0034072,-1.6593,0.012344,-0.03095,0.30211,-0.5444,-0.28792,-0.31494,-0.62672,-0.51623,-0.84185,0.36255,1.7211,-0.5079,0.10118,0.49966,0.41322,1.519,-1.8699,0.10909,0.83604,0.47307,0.050256,-1.0179,-0.7082,-0.40971,-0.36533,0.31116,0.34829,-0.52982,-2.1004,0.59282,0.4484
-0.55022,-0.057569,-0.19633,-0.39585,-1.5051,0.13877,-0.24626,-0.18139,1.3227,0.0081048,1.047,-0.00010177,0.46937,-0.56798,-0.15209,-0.47503,-0.20077,-0.080177,0.017241,-0.35468,-0.12538,-0.21627,-0.22693,-0.12535,0.79128,0.5312,-0.80886,-0.68258,0.93193,-1.0078,0.40354,0.055766,0.61986,0.54065,0.63716,0.54166,0.99095,0.39904,-0.37359,0.32139,0.43476,-0.033611,-0.77026,-0.8926,1.5127,0.11257,0.17615,0.11257,0.080439,0.22928,0.015761,-0.44962,0.51073,0.39804,-0.079567,-0.40072,-1.6329,-0.46166,-0.10993,-0.209,-0.54781,-0.043662,-0.010398,-0.62672,-0.51623,0.01119,-0.071263,0.63213,-0.95664,-0.50892,0.35039,0.15776,1.1307,-1.8386,-0.78262,0.7921,0.37854,0.52094,2.381,-0.30136,0.23462,0.03686,-0.18788,0.56551,0.9381,-0.45681,0.34972,0.26687
0.1055,-0.79369,0.1945,-0.87705,-0.68974,0.1446,-0.60814,-0.93224,-1.0974,-0.54834,0.57045,-0.40465,-0.0081773,-0.64711,-0.17112,-0.073037,-0.16815,-0.42583,-0.31094,-1.2635,-0.12538,-0.21627,-0.22693,-0.12535,0.72694,0.42078,0.25653,0.013202,-0.56541,-1.0615,0.75566,0.7877,1.0007,0.79995,-0.23879,0.50116,0.6899,0.83148,1.5251,-0.2794,-0.30357,0.27335,1.3133,0.51596,-0.49345,0.39582,0.14487,0.39582,0.39585,0.28708,0.11633,0.85172,-1.4505,-0.082002,-0.16348,-0.12838,0.84136,0.64435,0.19409,-0.88456,0.093454,-0.20776,-0.19765,1.1585,1.3194,-0.57189,0.12147,-0.61875,0.7795,0.55119,-1.1469,0.71844,0.0047599,-0.23433,-0.035319,0.36766,-0.37913,-0.20237,0.0027154,0.39513,0.18563,0.98048,-1.1391,0.070768,-0.36572,-0.97657,0.28413,0.31104
-0.33758,-0.83199,0.087259,0.92737,-0.071623,0.78459,-0.35308,-1.6186,-0.41797,-0.21377,2.2393,-0.20901,-0.36252,-0.75424,-0.6811,-0.53843,-0.6623,0.80652,-0.62448,-0.33795,-0.12538,-0.21627,-0.22693,-0.12535,-0.23856,0.015501,-0.27749,-0.42796,0.23547,-1.3997,0.85215,0.65486,0.83061,1.6867,0.49147,0.84199,0.42098,-0.79979,-0.9459,0.36797,0.1884,0.41303,0.63893,-0.33337,-0.39746,-0.12956,0.17655,-0.12956,-0.16452,-0.088544,-0.31155,-0.56745,-0.17121,-0.6219,-0.10305,0.16977,0.50612,0.32835,-0.0021679,-0.34126,-0.026254,-0.49352,-0.61025,-0.62672,-0.51623,-0.20104,0.086526,1.0208,-0.37073,0.41377,-0.96212,0.54786,1.1272,-1.3878,-0.26895,1.3579,0.47491,0.28095,-0.12832,-0.73714,-0.0067293,1.1775,-1.4767,0.16984,-0.10797,0.35681,1.2254,1.2408
0.23383,-0.58449,-0.17278,0.44624,-0.11303,0.44665,-0.39458,0.47563,-0.59297,-0.29995,1.3759,-0.016747,0.029288,-0.38025,-0.17978,0.24704,-0.16408,-0.184,-0.087587,-0.24793,-0.12538,-0.21627,-0.22693,-0.12535,0.20212,0.43953,-0.4413,-0.43945,0.36714,-1.068,0.74336,0.41519,0.9664,1.5725,0.11237,-0.20035,1.6081,0.12436,-1.3478,0.48495,0.15314,-0.46247,1.1809,-0.7229,0.24114,0.1426,0.17527,0.1426,0.11149,0.22701,0.038987,-0.32513,1.2452,-0.088712,-0.099088,-0.14174,1.0373,0.012344,0.071492,-0.42114,-0.19532,0.19342,0.36721,-0.62672,-0.51623,0.064344,0.20479,0.32107,-0.087828,1.0594,0.6106,0.5712,0.51676,-0.6236,-0.1474,0.88604,0.035003,-0.017996,0.11047,-0.34036,-0.20094,0.59444,-0.79912,0.34491,-0.57138,-1.6052,0.5524,0.36333
0.17442,-0.27253,0.097487,0.68681,0.9026,0.12712,-0.56459,0.7915,-0.81703,-0.41029,0.23742,-0.34812,-0.97728,-0.62948,-0.28665,0.36168,-0.26571,0.68067,-1.0294,-0.26541,-0.12538,-0.21627,-0.22693,-0.12535,1.8368,0.18156,0.3441,0.074703,-0.2803,-0.87611,1.0436,0.68329,0.99856,0.37191,0.46571,0.51421,0.36529,0.84008,-1.3796,0.3396,0.45648,0.68523,-0.53914,-0.69272,-1.0005,0.040207,0.17606,0.040207,0.007384,0.1618,-0.067437,-0.51355,1.1052,-0.48977,-0.13159,0.29701,-1.3811,0.17035,0.36528,0.35958,0.28824,-0.23294,-0.26802,-0.62672,-0.51623,-0.73121,0.25931,0.16616,0.20779,0.31429,0.60146,0.74206,0.98228,-1.0044,0.17925,0.8595,0.59837,0.22124,-0.58228,0.087807,0.64907,0.47602,-0.50151,0.4582,-0.48214,-1.3914,2.0881,2.2013
0.80552,-0.48584,0.55464,-0.75673,-0.64174,0.55359,-0.59722,0.29535,-0.97754,-0.48934,0.17262,-0.62337,-0.32641,-0.4206,-0.41336,-0.61682,-0.40321,0.31347,-0.57793,0.30271,-0.12538,-0.21627,-0.22693,-0.12535,-1.3343,0.19912,0.21222,0.067702,-0.68745,-2.095,0.62433,0.16626,1.0854,0.66306,0.23816,1.0291,0.76235,0.057564,0.11242,1.0448,0.57746,0.41384,1.0553,-1.0235,-0.67334,0.25039,0.16079,0.25039,0.2329,0.20363,0.23175,0.33818,-0.2108,-0.20812,-0.1527,-1.2319,0.34814,0.64435,0.4771,0.40709,0.53934,-0.33546,-0.38762,-0.62672,-0.51623,-0.0096228,0.32836,-0.1499,0.88773,0.58173,-1.1469,0.26186,0.56324,-0.78241,0.36747,0.65372,0.74096,0.97216,1.3598,0.24823,0.86121,-0.17932,0.086797,0.93298,0.31909,0.91175,0.86473,0.67069
0.048595,-0.83199,0.63646,0.44624,-0.11529,0.51749,-0.46719,-0.3251,-0.8992,-0.45075,1.4993,0.064066,0.055807,-0.32657,-0.28346,-0.045181,-0.25558,0.18437,0.0067102,0.0044459,-0.12538,-0.21627,-0.22693,-0.12535,0.2126,0.53708,0.08533,0.083868,-0.92324,-1.1593,1.0256,0.63404,1.0119,1.1776,1.0232,1.168,0.79311,-0.33204,-0.69774,0.096592,-0.4817,2.0645,-1.1783,0.28539,-0.24926,0.081586,0.17548,0.081586,0.049691,0.084119,-0.075604,-0.30149,-0.77733,-0.12928,-0.099404,0.61333,0.47369,0.17035,0.013427,-0.47844,-0.41117,-0.23655,-0.24634,-0.62672,-0.51623,-0.99188,0.25268,0.069732,0.79772,-0.058171,-1.1469,0.58491,1,-1.071,0.065908,0.25354,1.1366,1.1414,-0.27158,0.34758,-0.27423,-0.01462,0.11481,-0.11936,0.091635,-0.13446,0.32423,0.42576
-0.31298,0.69801,0.42881,-0.93717,-1.1898,0.44971,-0.067815,-1.1669,0.78512,0.37872,1.7283,0.58392,0.78211,-0.080108,-0.591,-0.57506,-0.61457,0.32467,0.67245,0.99291,-0.12538,-0.21627,-0.22693,-0.12535,1.0625,0.50022,-0.71347,-0.45494,0.090631,-1.1369,0.98854,0.95895,1.2271,0.017724,0.034929,1.1484,-0.69942,-0.876,0.065182,-0.76669,-0.91463,0.65646,-0.78201,-0.37102,-0.90624,0.40299,0.17694,0.40299,0.37326,0.4887,0.26979,-0.26891,1.586,0.39273,-0.10309,-0.035103,-1.0207,-0.14566,0.23651,0.34875,-0.26095,-0.43741,-0.55361,-0.013383,3.6307,-0.57636,-0.22482,0.18377,-0.21694,-0.76007,-1.1469,0.84017,-0.057698,0.014122,-0.32713,0.19612,0.38041,0.98705,-1.1818,0.74822,-0.074725,0.63268,-0.73398,-0.92059,-1.3161,-0.50565,1.4095,1.3771
0.34287,0.96802,0.30607,-1.4785,0.37107,0.91272,-0.46719,-2.0497,0.063274,-0.45075,0.38921,-0.57504,-0.86804,0.16302,0.11625,-0.31288,0.057876,-0.3796,0.92519,-0.016239,-0.12538,-0.21627,-0.22693,-0.12535,1.115,0.49675,-0.035925,0.086977,-0.63357,-0.4058,0.75239,0.62547,1.0985,0.0082951,-0.48098,-0.31015,0.32414,0.29228,1.7293,-0.084441,0.10753,0.16648,-0.16713,0.64327,0.5851,0.25215,0.17683,0.25215,0.22093,0.35716,0.1158,-0.40019,1.586,0.093301,-0.10244,0.0067205,-1.6515,-0.14566,0.27202,0.046359,0.28956,0.26006,0.44117,-0.62672,-0.51623,-0.54462,0.27926,0.11735,0.5758,1.7573,1.2263,0.92952,0.3782,-0.22932,0.53277,1.367,0.0012077,-0.46756,1.1106,0.61303,-0.15965,2.2466,-2.335,-0.30994,-0.52067,0.084718,0.60459,0.46315
-1.2472,-1.1748,-0.18548,-0.51616,0.7349,0.13149,-0.53664,-0.75626,-1.1921,-0.59502,-1.0908,-0.48988,-1.6061,-0.27386,-0.23234,-0.53131,-0.23946,0.11493,-0.27733,0.085549,-0.12538,-0.21627,-0.22693,-0.12535,-1.0407,-1.4336,-0.89284,-0.55855,1.2808,-0.17977,-0.066425,-0.52482,0.36309,0.064374,0.42679,1.4073,0.7803,0.45578,-1.9501,1.8406,1.6643,0.22749,-0.13785,-0.80018,1.0253,-0.48354,0.16902,-0.48354,-0.51684,-0.38259,-0.46941,-0.71903,1.2663,0.0032798,-0.065666,-0.14251,0.98733,-0.77766,0.13783,-1.417,0.036619,-0.14073,-0.099693,-0.62672,-0.51623,-0.55394,-1.8887,-1.7737,1.561,0.23122,-0.76871,-0.15818,-0.12075,0.81348,1.2273,0.80793,1.1955,0.96348,-0.1888,1.7555,-0.1187,0.30451,-0.17603,1.9968,1.2962,-1.3968,-0.77336,-0.8033
-0.17371,0.53253,0.15823,-0.51616,-0.95155,0.065096,-0.30744,0.55029,0.9295,-0.11897,-0.86659,-0.00098629,-0.82715,0.10073,-0.28147,-0.14959,-0.294,0.40447,-0.23826,0.069178,-0.12538,-0.21627,-0.22693,-0.12535,-1.1011,-0.52905,-0.62211,-0.56722,1.2204,0.1389,-1.0873,-0.21057,-0.49341,0.153,0.56595,1.5309,0.49311,-0.31307,-0.092992,0.53893,1.3463,-0.27122,0.56903,0.076363,0.083641,-0.50171,0.070067,-0.50171,-0.4825,-0.13829,-0.32272,-0.61962,1.7149,-0.89647,-0.78302,1.2712,-1.5951,-0.93567,-0.23037,-0.19511,-0.75159,-0.18234,-0.14396,0.91002,-0.050903,-0.29635,-0.97756,1.5691,-0.48847,0.25281,0.93694,-0.69709,1.589,-1.0161,0.31015,1.0238,1.5101,0.8963,-0.059874,0.64127,0.60311,0.41134,-0.4855,0.72303,0.44814,-0.10498,0.35162,0.26835
0.19161,0.12802,-0.11513,0.2056,0.6662,0.14227,-0.4202,-0.21731,-0.10659,0.81787,-1.0908,-0.4496,-1.3015,0.42512,-0.34696,-0.3328,-0.33089,-0.3483,0.23573,0.45591,-0.12538,-0.21627,-0.22693,-0.12535,-1.9749,-1.3532,-0.38803,-0.55881,0.98522,-0.034737,-0.88289,-1.1703,-0.3121,-0.67093,1.5543,2.3247,1.63,0.1634,-0.87584,0.9331,1.0183,1.0573,1.1145,-1.4506,-0.21375,-0.22868,0.17099,-0.22868,-0.26043,-0.2882,-0.2449,-0.44034,-0.10092,-0.25629,-0.072835,-0.076339,1.0294,-0.14566,0.22217,0.17809,0.019293,-0.61809,-0.80119,-0.013383,-0.12866,-0.9382,-0.79762,2.4202,-0.59656,-0.093406,-1.1469,-0.91477,2.1303,-1.349,0.7533,1.5063,2.2197,1.3565,0.47295,0.64653,0.48875,-0.33249,0.17713,0.75619,1.1604,0.71203,0.80765,0.81094
-0.33379,-0.047377,-0.027417,0.44624,-0.39856,0.39612,-0.48576,0.29535,-0.037462,-0.25785,0.17262,0.26131,-0.78466,-0.36942,-0.40222,0.032319,-0.39105,0.26824,-1.116,-0.51025,-0.12538,-0.21627,-0.22693,-0.12535,1.3083,-0.72749,-0.69597,-0.44992,0.72726,1.4396,-1.1014,-0.84564,-1.4273,-0.70793,-0.063367,0.075919,0.0092343,0.21905,2.6823,-0.18774,-0.095902,0.51537,1.2793,0.22542,-0.74557,-0.31566,0.087786,-0.31566,-0.30198,-0.091691,-0.078666,-0.36237,1.7537,-1.3744,-0.93823,0.061137,-1.6329,-0.46166,-0.35748,-1.0473,-0.65663,-0.058669,0.040842,-0.62672,-0.51623,2.4506,-1.0305,-0.20119,-0.28187,-0.69551,-1.1469,-0.83687,0.74946,-0.70287,0.0050075,1.3159,-0.070884,0.044005,0.98724,0.035208,0.09279,-0.16041,-0.30785,-0.42235,1.8109,1.8725,-0.59524,-0.75815
-2.4255,0.9423,-3.7088,0.50636,-0.18851,-2.245,-0.28286,2.2735,-0.12183,-0.067922,-0.49082,1.0128,0.54808,1.0446,0.68703,0.88814,0.69892,-0.36988,-3.7903,-2.5362,-0.12538,0.77926,1.5241,-0.12535,1.9342,0.37598,2.9305,3.5076,-2.0151,0.41599,0.1004,0.29817,0.11682,1.8233,3.4991,3.5453,2.1885,-0.6059,2.6784,0.58383,2.4171,2.4972,-1.341,-0.49655,1.2616,-0.25786,0.1755,-0.25786,-0.29339,-0.2122,-0.32392,-0.69019,0.38642,0.94447,0.001422,0.65695,-1.5787,-1.0937,-1.9153,-1.3933,-1.9976,0.37421,0.70502,-0.62672,-0.51623,-0.0013841,0.7976,1.6707,1.9355,0.19982,-1.1469,0.29046,1.5435,-1.6346,1.3046,5.48,3.4723,3.8529,-0.3302,-0.070285,4.0452,-2.4465,3.069,1.3565,1.4621,1.28,0.24125,0.27082
-0.73157,-0.52342,0.078581,-0.034962,-0.1902,0.90617,-0.28286,0.40904,0.39643,-0.067922,1.5093,1.0578,-0.43616,0.16195,-0.49558,0.11716,-0.48942,0.50383,0.53548,-0.036216,-0.12538,-0.21627,-0.22693,-0.12535,-0.012979,-1.2048,-1.6227,-0.82559,2.3523,1.1579,-1.9387,-0.17592,-1.2906,-0.31919,-0.74572,0.68175,-0.37186,-0.77695,0.3371,0.81384,0.56854,-0.05883,-0.044748,1.0621,0.059837,-0.71959,-0.31903,-0.71959,-0.48532,-0.096401,0.6142,0.19524,0.78005,3.4328,0.32673,2.658,0.43802,-2.8317,0.0027963,-0.23208,-1.4893,-0.32032,-0.37513,0.096098,-0.1385,1.1696,-1.2454,-0.54658,0.60092,-1.3036,1.3955,-0.96454,1.2765,-1.1129,1.0923,0.42791,-0.12554,1.222,0.93571,-0.022236,-0.89789,-0.3527,0.51332,0.96597,0.28581,0.26848,-1.5124,-1.3926
-0.2499,0.12802,-0.1362,-0.75673,-0.48081,0.64722,-0.27925,-0.75626,0.48789,0.23234,-0.16581,1.1167,-1.1179,0.53951,0.062791,0.12395,0.082069,0.12382,0.07848,0.65354,-0.12538,-0.21627,-0.22693,-0.12535,-0.29324,-1.3958,-1.0381,-0.64723,1.3431,1.2837,-1.9616,-0.96942,-1.6732,0.98379,-0.036926,0.34774,-1.1364,-0.60621,1.2698,0.85447,0.59793,-0.75327,0.42739,-0.58284,0.28939,0.14159,0.16991,0.14159,0.1148,0.1992,0.12944,-0.14361,0.64884,1.7961,0.039216,1.7275,0.9566,-1.0937,-0.48354,-0.11222,-0.924,0.0010201,0.12024,0.7061,0.33692,-0.73412,-1.3,0.37667,-0.05227,-0.34701,-0.063279,-1.344,1.6808,-1.4223,-0.57653,-0.26506,0.14367,0.55751,-1.1263,-0.0063053,-0.87636,-1.9253,1.2165,0.38228,0.94869,0.83386,-0.02658,-0.15068
-0.65625,0.59743,-0.2828,-0.034962,-1.5936,0.38506,-0.38311,-0.27719,1.0511,-0.014192,0.55366,0.87589,-1.0605,0.44497,9.6548e-05,-0.72321,-0.034909,0.17011,0.30063,-0.33311,-0.12538,-0.21627,-0.22693,-0.12535,0.73695,-0.89895,-1.142,-0.75408,1.5314,0.34216,-1.5944,-0.91442,-0.97981,1.0255,0.36381,0.75718,-0.031417,-1.4205,0.13662,-0.25185,0.46682,0.79971,0.95996,-0.45012,1.9076,-0.52042,0.050691,-0.52042,-0.49007,-0.16939,-0.16194,-0.52538,1.6798,-0.58288,-0.75188,0.84795,-1.5595,-1.2517,-0.34028,-0.7831,-1.436,0.0016762,0.092534,1.0592,-0.053167,-0.01591,-1.4218,-0.13775,0.19996,0.058478,0.23621,-1.1085,1.6031,-1.4196,-0.84765,0.74767,0.48736,0.71724,-1.5215,-0.17412,-1.4613,-0.78513,0.53318,-0.11377,0.78682,2.1858,-0.76143,-0.9594
-0.24495,0.87491,0.34636,-0.034962,-0.49982,0.53146,-0.10412,-1.5908,0.632,0.30331,1.0576,0.48486,-0.6661,0.74631,-0.31468,0.12038,-0.29078,0.080817,-0.17544,1.447,-0.12538,-0.21627,-0.22693,-0.12535,-0.012979,-0.94757,-0.25297,-0.35087,0.36714,0.3913,-0.68136,-0.55527,-0.6091,0.37215,0.13408,0.8138,1.4519,-0.93447,-1.4019,0.082448,-0.40362,-0.98574,1.5131,-1.3369,-0.014855,0.098486,0.16568,0.098486,0.074435,0.21441,0.20076,-0.18145,0.92507,0.42843,-0.075609,1.9796,1.0108,-0.46166,-0.20806,0.58397,-0.52963,-0.085455,-0.043839,-0.62672,-0.51623,-0.33698,-0.73709,2.0812,-0.46705,-1.4085,-1.1469,-0.74441,2.7351,-2.1744,0.54297,-0.72915,0.31881,1.4192,-0.029229,0.69268,-1.0192,-1.2174,1.0659,0.12949,-0.81685,0.79982,0.14309,0.22447
-0.66659,0.068013,0.092838,-1.2981,-1.1219,0.68704,-0.35308,-0.3251,0.063274,0.023235,-0.35082,0.97311,-0.14595,-0.28136,-0.35194,-0.52504,-0.3768,0.45732,-0.21332,0.32519,-0.12538,-0.21627,-0.22693,-0.12535,0.2126,-0.80501,-0.94099,-0.57005,0.81483,0.75855,-1.8572,-0.98998,-1.1645,1.2256,0.38933,0.24761,0.2835,-0.70598,-1.016,0.01589,0.19781,-0.53367,1.0938,-0.069598,-0.53037,0.042541,0.17169,0.042541,0.013162,0.12782,0.085921,-0.38133,0.8874,3.2694,0.12093,0.38111,0.85417,-1.7257,-0.16889,-0.77109,-1.5787,-0.30147,-0.36112,-0.62672,-0.51623,0.11204,-1.1141,-0.63527,0.78313,-1.2646,-0.51132,-1.0704,0.88988,-0.95536,0.15312,-0.0097294,0.022346,-0.018107,-0.56503,-0.2743,-0.56136,-0.65557,0.73647,-0.069562,0.64174,2.167,-0.65546,-0.69036
-0.4428,-0.38199,-0.009131,-0.46802,0.39742,0.74339,-0.35308,0.96837,0.063274,0.023235,0.38921,0.83014,0.91606,0.23891,-0.16007,-0.28078,-0.13919,0.077256,0.92065,1.1427,-0.12538,-0.21627,-0.22693,-0.12535,1.115,-1.0519,-0.81014,-0.6688,1.1045,0.73665,-1.3318,-0.74267,-0.95021,0.68039,0.093247,1.4651,0.37815,-0.53762,-0.58066,0.091436,-0.27315,-1.0838,0.38491,-0.81596,-0.42307,0.066134,0.16576,0.066134,0.041681,0.13827,0.13754,-0.17925,0.97686,0.20559,-0.083873,0.38145,1.0206,-0.30366,-0.50736,-0.79525,-1.2659,-0.15473,-0.18456,2.8489,0.15398,0.1233,-1.0613,-0.27737,-0.067292,-0.58594,-1.1469,-0.90997,0.88745,-1.1017,-0.12252,0.16719,0.2596,0.6713,-1.5215,1.0218,-0.74152,0.02331,-0.19237,-0.0542,-0.8352,1.285,-1.3966,-1.4136
1.5869,0.87491,0.82305,-0.034962,-1.0999,0.54544,-0.39458,-1.0344,0.019516,2.7164,0.10275,-0.61235,-1.6576,1.4211,-0.53394,-0.10795,-0.5146,1.7891,0.60242,-1.568,-0.12538,-0.21627,-0.22693,-0.12535,-0.59104,-1.0194,0.97816,0.42167,-0.73891,-0.66751,-0.68008,-0.866,-0.039486,0.48488,1.0353,1.0888,0.57568,0.090363,-0.70515,-0.024731,-0.63559,-0.23199,1.402,0.75957,-0.75664,0.15973,0.1692,0.15973,0.13356,0.27598,0.20744,-0.22638,1.2663,0.91392,-0.067069,-1.3547,0.99982,-0.77766,0.39191,0.56194,0.66332,-0.29801,-0.37429,0.38523,0.3378,1.9717,-0.47448,0.7192,0.29841,-0.90518,0.37284,-0.64218,3.0124,-2.2531,0.44285,0.0062678,1.4942,2.1877,-1.5215,0.066867,0.27288,-2.5143,2.0196,-0.09977,-1.2125,0.39581,-0.74672,-0.70912
-0.098291,0.37739,0.56921,2.1303,-0.1343,0.17714,-0.33407,-0.75626,0.22368,0.10223,-0.65553,0.51332,-0.26285,0.50758,-0.25812,-0.53429,-0.24428,-0.15265,0.44201,0.53668,-0.12538,-0.21627,-0.22693,-0.12535,-1.3343,-1.9077,-0.69411,-0.55919,0.090631,0.2797,-1.2855,-0.42356,-0.51512,0.24017,0.13687,0.60631,-0.036817,-0.91654,0.97811,1.0454,1.247,0.53613,1.2938,0.1385,-0.052534,0.10261,0.16761,0.10261,0.077193,0.1874,0.14194,-0.14119,0.43016,0.83649,-0.025812,1.2828,0.99982,-0.61966,-0.43801,-0.2199,-0.60255,-0.56886,-0.72869,3.6667,-0.038364,-0.40684,-1.6822,0.71943,-0.48052,-0.11401,0.21419,-0.74887,1.3346,-1.2234,0.22458,0.24032,0.59205,-0.051138,-1.3765,0.42619,-1.1096,-1.4003,1.0241,1.2633,-0.13455,0.49134,-0.89145,-1.0733
-0.25215,-0.9114,0.087259,-0.034962,-0.27452,0.87028,-0.25699,0.68093,-0.5446,0.77164,-0.67972,-0.35986,-1.3443,-0.35387,-0.021082,0.78925,0.0052345,0.38463,-0.79949,-0.13761,-0.12538,-0.21627,-0.22693,-0.12535,0.237,-1.5132,-0.33585,-0.20632,0.57089,0.97227,-1.9237,-0.68761,-1.1527,1.0818,0.36536,1.7278,-0.39107,-1.7764,0.25018,1.0533,0.44402,-0.92049,1.1301,-0.4127,2.0013,-0.059988,0.17447,-0.059988,-0.092573,-0.064074,-0.24078,-0.3809,-0.99126,0.17961,-0.067466,-0.38715,-0.31103,-0.30366,-0.007784,-0.48039,-0.37462,0.37364,0.71576,1.2133,0.12917,-0.50464,-1.2657,-0.26288,0.75955,-1.1329,-0.19591,-1.2123,1.8609,-1.6727,-0.031676,-0.6423,1.3617,0.99896,-0.34503,0.70026,-1.4531,-0.7023,0.31686,1.1012,0.49554,-0.27835,-0.97655,-0.87242
-0.31943,3.5073,-0.37021,-0.27553,0.58169,0.3764,-0.21758,-0.18139,0.78512,0.37872,-2.0776,0.12711,-1.1286,3.5203,0.44829,-0.12438,0.41962,-0.061831,-1.0562,0.64201,-0.12538,-0.21627,-0.22693,-0.12535,-0.31133,-1.7196,-0.32293,-0.33763,0.090631,-0.6182,-0.66187,-0.81126,-0.11239,-1.0124,-0.08907,1.5025,-0.24234,-0.54293,-0.66282,2.0559,1.9185,0.57183,1.8338,-1.2655,-0.84815,0.18106,0.17664,0.18106,0.14925,0.28298,0.047786,-0.44508,1.4978,0.95261,-0.053622,1.8722,-1.0102,-0.77766,0.032882,0.98587,-0.050996,-0.47518,-0.58209,0.19106,-0.29663,-1.0465,-1.3062,2.8924,-1.5243,-0.6165,-0.25984,-0.80158,2.9928,-2.3307,1.1106,0.91266,1.3032,1.2318,-1.5215,0.57995,-0.52741,-1.558,1.3621,2.0252,1.7322,0.38202,0.19713,0.23487
-0.2763,0.0013405,-0.082276,1.7695,0.25155,0.48574,1.5168,-1.0536,-0.35588,-0.18319,0.69544,-0.47404,-1.6615,4.348,-0.31418,-0.53639,-0.32125,0.87226,-1.3348,-1.0488,-0.12538,-0.21627,-0.22693,-0.12535,-0.62957,-1.5295,-0.4309,-0.48034,0.58122,-1.0229,-0.13863,-0.54838,-0.0017188,-0.50918,0.18827,0.4242,-0.13438,-1.1417,-0.81691,1.5551,1.0085,-0.3425,2.5773,0.96119,0.25932,0.22914,0.1708,0.22914,0.20253,0.33361,0.27255,-0.19374,1.0347,1.1024,-0.051335,0.50626,0.98733,-0.77766,0.37882,0.193,0.26855,-0.44077,-0.54082,-0.62672,-0.51623,-0.45842,-1.0636,0.069458,1.1242,0.14687,0.041352,-0.47194,1.7998,-0.66582,1.1335,-0.027676,0.5851,0.50132,-0.52213,1.0604,-1.0043,-1.4867,0.88717,1.151,0.32592,-0.50577,0.33145,0.27648
